"","SiteID","year","pefa","rlha","occ","Lat","Long","min_d"
"1",2,"12",0,0,0,71.8531,-80.9321,11192.6144234947
"2",3,"12",0,1,1,71.8544,-80.9028,7923.23157625054
"3",5,"12",-Inf,-Inf,-Inf,71.8412,-80.8536,5498.91679093793
"4",6,"12",0,1,1,71.8368,-80.8319,7923.23157625054
"5",7,"12",1,0,1,71.8033,-80.7595,5525.52872899285
"6",8,"12",0,0,0,71.8702,-80.7133,1935.68716683738
"7",9,"12",1,0,1,71.8701,-80.7112,1701.59967273661
"8",10,"12",0,1,1,71.8634,-80.696,1701.59967273661
"9",14,"12",0,1,1,71.7708,-80.5799,5536.56586732303
"10",15,"12",1,0,1,71.7449,-80.5305,1982.26118595654
"11",16,"12",0,1,1,71.8196,-80.5177,1982.26118595654
"12",17,"12",0,0,0,71.8139,-80.5009,3540.75879120554
"13",18,"12",0,1,1,71.7948,-80.4523,961.316968614694
"14",19,"12",0,1,1,71.779,-80.4441,961.316968614694
"15",20,"12",1,0,1,71.6842,-80.4395,1831.56435711289
"16",21,"12",0,1,1,71.7585,-80.3982,291.330741287602
"17",22,"12",1,0,1,71.6184,-80.3961,2620.68576369857
"18",23,"12",-Inf,-Inf,-Inf,71.7359,-80.3569,3957.68427166778
"19",24,"12",1,0,1,71.5549,-80.3386,3643.05299478777
"20",25,"12",0,1,1,71.7369,-80.3271,3646.84604369839
"21",26,"12",0,1,1,71.5088,-80.3042,297.05459719523
"22",27,"12",0,0,0,71.7226,-80.2873,4452.27392233756
"23",28,"12",0,1,1,71.4765,-80.2676,1155.1344707596
"24",30,"12",0,1,1,71.7112,-80.2472,4986.36703113399
"25",32,"12",-Inf,-Inf,-Inf,71.391,-80.2381,3669.34025939545
"26",33,"12",1,0,1,71.4522,-80.2294,4201.56803054844
"27",34,"12",0,0,0,71.7048,-80.2042,4802.97521179382
"28",35,"12",0,0,0,71.7038,-80.1955,4642.59508532614
"29",40,"12",1,0,1,71.3882,-80.1527,1932.47307419086
"30",41,"12",0,0,0,71.3875,-80.1483,2420.78957806927
"31",43,"12",1,0,1,71.2862,-80.0018,4545.37434030184
"32",46,"12",0,1,1,71.3825,-79.9647,4545.37434030184
"33",48,"12",0,1,1,71.2978,-79.9221,280.486460698887
"34",49,"12",1,0,1,71.2964,-79.9196,280.486460698887
"35",50,"12",0,1,1,71.458,-79.8961,3314.7556958523
"36",51,"12",0,1,1,71.2947,-79.9039,1753.36711676159
"37",52,"12",-Inf,-Inf,-Inf,71.4389,-79.8944,3017.06996619679
"38",53,"12",-Inf,-Inf,-Inf,71.415,-79.8918,2716.44060137091
"39",54,"12",0,1,1,71.3492,-79.8631,1044.25149797349
"40",55,"12",1,0,1,71.3436,-79.8538,1044.25149797349
"41",56,"12",0,0,0,71.2211,-79.8042,1374.02843848122
"42",57,"12",0,0,0,71.2207,-79.7977,648.492575687449
"43",58,"12",0,1,1,71.2447,-79.8005,1086.57225294391
"44",59,"12",1,0,1,71.219,-79.7919,246.293908824647
"45",61,"12",0,0,0,71.3562,-79.7641,3079.97460613612
"46",62,"12",0,1,1,71.4698,-79.7558,1150.21892959539
"47",63,"12",1,0,1,71.4707,-79.7455,1150.21892959539
"48",64,"12",0,1,1,71.3982,-79.7033,702.358386287206
"49",65,"12",0,0,0,71.4564,-79.7205,2244.10257958218
"50",66,"12",0,0,0,71.3441,-79.7168,1853.92693824403
"51",68,"12",1,0,1,71.3776,-79.7084,702.358386287206
"52",69,"12",0,0,0,71.4111,-79.7058,728.820191566841
"53",70,"12",0,1,1,71.4658,-79.6706,3545.27354837062
"54",71,"12",1,0,1,71.1756,-79.6665,72.3877923420692
"55",72,"12",0,1,1,71.1779,-79.666,72.3877923420692
"56",73,"12",-Inf,-Inf,-Inf,71.3608,-79.6373,859.800130659219
"57",74,"12",-Inf,-Inf,-Inf,71.3218,-80.195,3218.11366891286
"58",75,"12",1,0,1,71.3616,-79.6362,982.618639604644
"59",80,"12",0,1,1,71.4476,-79.5701,1061.47947937085
"60",81,"12",1,0,1,71.399,-79.5737,1061.47947937085
"61",82,"12",1,0,1,71.3327,-79.5619,1879.77164348743
"62",83,"12",0,1,1,71.3286,-79.5424,2178.89149514599
"63",84,"12",0,0,0,71.4457,-79.5258,3013.13282563178
"64",85,"12",0,1,1,71.4441,-79.5157,3792.53514917628
"65",86,"12",0,1,1,71.3444,-79.4464,728.811350794471
"66",88,"12",1,0,1,71.3374,-79.44,728.811350794471
"67",91,"12",1,0,1,71.3333,-79.3849,1026.08143339644
"68",94,"12",1,0,1,71.3696,-79.3786,1026.08143339644
"69",95,"12",0,1,1,71.2227,-79.3808,790.969672407767
"70",98,"12",1,0,1,71.214,-79.3739,790.969672407767
"71",99,"12",0,0,0,71.2144,-79.3719,1008.3217401319
"72",100,"12",0,0,0,71.3304,-79.3486,3706.71375790947
"73",101,"12",1,0,1,71.1373,-79.3612,664.871796400991
"74",102,"12",0,1,1,71.13,-79.3554,664.871796400991
"75",104,"12",-Inf,-Inf,-Inf,71.3235,-79.3264,5144.10844685946
"76",107,"12",0,1,1,71.3291,-79.2855,8825.68489180922
"77",108,"12",0,0,0,71.3161,-79.2763,9357.92832763402
"78",109,"12",0,0,0,71.325,-79.2731,9005.78284627656
"79",114,"12",0,0,0,71.3097,-79.1953,700.497283807434
"80",115,"12",0,1,1,71.3087,-79.1925,450.772180870786
"81",117,"12",-Inf,-Inf,-Inf,71.3017,-79.1906,257.869531780918
"82",119,"12",0,1,1,71.2918,-79.19,450.772180870786
"83",122,"12",1,0,1,71.2881,-79.1717,2044.7436752325
"84",124,"12",0,0,0,71.2833,-79.1592,3443.56679792558
"85",127,"12",0,1,1,71.2766,-79.1223,5521.00424810856
"86",128,"12",0,0,0,71.2738,-79.1069,4432.35791094883
"87",129,"12",0,0,0,71.2723,-79.0988,3547.81876599778
"88",135,"12",0,1,1,71.2271,-79.0682,2487.32157426061
"89",138,"12",0,1,1,71.2597,-79.0468,2487.32157426061
"90",139,"12",0,0,0,71.2376,-79.0316,1760.81581460906
"91",141,"12",1,0,1,71.2547,-79.0186,390.930308916323
"92",143,"12",0,1,1,71.2552,-79.0151,390.930308916323
"93",145,"12",0,1,1,71.2432,-78.9911,2691.83648002335
"94",148,"12",0,1,1,71.2451,-78.9201,3629.34729166913
"95",150,"12",0,0,0,71.2444,-78.9136,2904.16647968597
"96",160,"12",1,0,1,71.2483,-78.8876,1802.28380994896
"97",164,"12",0,0,0,71.227,-78.8723,1768.80994303856
"98",165,"12",1,0,1,71.2268,-78.872,1802.28380994896
"99",173,"12",0,1,1,71.2203,-78.8383,3765.28117302182
"100",338,"12",0,1,1,71.2181,-79.7897,246.293908824647
"101",339,"12",0,1,1,71.3612,-79.645,982.618639604644
"102",355,"12",0,1,1,71.4038,-80.1698,1932.47307419086
"103",356,"12",1,0,1,71.4708,-80.2779,1155.1344707596
"104",357,"12",0,0,0,71.8392,-80.84,7017.76739695681
"105",359,"12",0,1,1,71.4306,-80.0472,5788.16205182675
"106",360,"12",0,1,1,71.7598,-80.4008,291.330741287602
"107",374,"12",1,0,1,71.5142,-80.3067,297.05459719523
"108",375,"12",0,1,1,71.4607,-80.1918,1561.3275083082
"109",376,"12",0,1,1,71.5028,-80.1798,1561.3275083082
"110",377,"12",-Inf,-Inf,-Inf,71.3801,-79.4524,1637.02387028604
"111",378,"12",-Inf,-Inf,-Inf,71.4543,-80.2251,3720.30870826529
"112",379,"12",-Inf,-Inf,-Inf,71.4002,-80.1513,2066.87104788038
"113",380,"12",-Inf,-Inf,-Inf,71.4306,-80.04,5099.3797181604
"114",382,"12",-Inf,-Inf,-Inf,71.6283,-80.2852,3092.4321657418
"115",383,"12",-Inf,-Inf,-Inf,71.654,-80.4598,2738.47733921404
"116",384,"12",-Inf,-Inf,-Inf,71.7214,-80.7419,4349.03385741426
"117",385,"12",-Inf,-Inf,-Inf,71.3612,-80.2365,4100.37215444559
"118",386,"12",-Inf,-Inf,-Inf,71.7172,-80.2554,4746.8327042125
"119",387,"12",-Inf,-Inf,-Inf,71.9265,-80.7551,5005.92470605409
"120",388,"12",-Inf,-Inf,-Inf,71.9083,-80.8245,7496.87812028077
"121",389,"12",-Inf,-Inf,-Inf,71.3553,-79.3048,7322.78371961244
"122",390,"12",-Inf,-Inf,-Inf,71.8131,-80.4997,3661.11025008753
"123",391,"12",-Inf,-Inf,-Inf,71.9302,-80.8486,6199.37260724877
"124",392,"12",-Inf,-Inf,-Inf,71.9708,-80.82,7389.53503095818
"125",393,"12",-Inf,-Inf,-Inf,71.9339,-80.7304,4007.73102845214
"126",400,"12",-Inf,-Inf,-Inf,71.8065,-80.7042,1387.97310192322
"127",401,"12",-Inf,-Inf,-Inf,71.8751,-80.8619,4581.79356498173
"128",438,"12",-Inf,-Inf,-Inf,71.7809,-80.6121,9135.53121456007
"129",442,"12",-Inf,-Inf,-Inf,71.3446,-79.7615,3076.92648905836
"130",443,"12",-Inf,-Inf,-Inf,71.3538,-79.853,1131.37809924682
"131",444,"12",-Inf,-Inf,-Inf,71.381,-80.2278,4295.31260643654
"132",445,"12",-Inf,-Inf,-Inf,71.417,-80.3405,4192.10659417295
"133",446,"12",-Inf,-Inf,-Inf,71.4672,-80.2813,1539.79554306599
"134",447,"12",-Inf,-Inf,-Inf,71.3688,-80.1314,4339.60324193928
"135",448,"12",-Inf,-Inf,-Inf,71.5149,-80.3461,4399.50654390461
"136",449,"12",-Inf,-Inf,-Inf,71.5976,-80.3842,3382.45883325265
"137",450,"12",-Inf,-Inf,-Inf,71.8069,-80.709,1773.86028406471
"138",451,"12",-Inf,-Inf,-Inf,71.8227,-80.8751,4830.43799130339
"139",452,"12",-Inf,-Inf,-Inf,71.8524,-81.0287,21977.5702297631
"140",453,"12",-Inf,-Inf,-Inf,71.2724,-79.0907,3529.36917745645
"141",454,"12",-Inf,-Inf,-Inf,71.6801,-80.2282,4321.73941314352
"142",455,"12",-Inf,-Inf,-Inf,71.7833,-80.2546,5975.11867139538
"143",460,"12",-Inf,-Inf,-Inf,71.4334,-80.0222,3649.48509412513
"144",461,"12",-Inf,-Inf,-Inf,71.44,-79.928,2958.51568087462
"145",462,"12",-Inf,-Inf,-Inf,71.4489,-79.8944,3201.17540913528
"146",463,"12",-Inf,-Inf,-Inf,71.4125,-79.8853,2772.97216373777
"147",464,"12",-Inf,-Inf,-Inf,71.4097,-79.8855,2768.92037957418
"148",465,"12",-Inf,-Inf,-Inf,71.4478,-79.7967,4559.13661824366
"149",466,"12",-Inf,-Inf,-Inf,71.4669,-79.8101,5306.80882856359
"150",467,"12",-Inf,-Inf,-Inf,71.4634,-79.7131,1790.21731491623
"151",468,"12",-Inf,-Inf,-Inf,71.3662,-79.4955,5292.1163488787
"152",469,"12",-Inf,-Inf,-Inf,71.446,-79.5481,2462.83878350877
"153",470,"12",-Inf,-Inf,-Inf,71.4396,-79.4363,2251.08942563003
"154",472,"12",-Inf,-Inf,-Inf,71.3823,-79.4528,1698.85915916025
"155",473,"12",-Inf,-Inf,-Inf,71.382,-79.4493,1382.32837228546
"156",474,"12",-Inf,-Inf,-Inf,71.4332,-79.2549,7436.47069778461
"157",475,"12",-Inf,-Inf,-Inf,71.7343,-80.313,4196.92943614669
"158",476,"12",-Inf,-Inf,-Inf,71.3004,-79.1152,5471.59390515863
"159",477,"12",-Inf,-Inf,-Inf,71.46,-79.8083,5105.92751181036
"160",478,"12",-Inf,-Inf,-Inf,71.31,-79.2273,4182.06122143671
"161",480,"12",-Inf,-Inf,-Inf,71.4599,-80.0933,6773.38565411764
"162",481,"12",-Inf,-Inf,-Inf,71.7383,-80.3351,3460.27636730391
"163",482,"12",-Inf,-Inf,-Inf,71.843,-80.8613,4638.51372611753
"164",483,"12",-Inf,-Inf,-Inf,71.5163,-80.3323,2858.82077137472
"165",484,"12",-Inf,-Inf,-Inf,71.6534,-80.4201,2757.92067408466
"166",485,"12",-Inf,-Inf,-Inf,71.3413,-79.4336,1430.60534789908
"167",486,"12",-Inf,-Inf,-Inf,71.8225,-81.1747,38280.0460928647
"168",487,"12",-Inf,-Inf,-Inf,71.2466,-78.8573,2196.13335260027
"169",488,"12",-Inf,-Inf,-Inf,71.3583,-79.7789,3117.42876816626
"170",489,"12",-Inf,-Inf,-Inf,71.7139,-80.6963,3272.56800887884
"171",490,"12",-Inf,-Inf,-Inf,71.386,-80.228,4283.84093630551
"172",491,"12",-Inf,-Inf,-Inf,71.8052,-81.1074,30769.0143563467
"173",492,"12",-Inf,-Inf,-Inf,71.4551,-79.6043,3821.67265801906
"174",493,"12",-Inf,-Inf,-Inf,71.3259,-79.5365,2839.42723266528
"175",494,"12",-Inf,-Inf,-Inf,71.367067,-79.366506,2168.28914194321
"176",2,"13",1,0,1,71.8531,-80.9321,10287.3460733832
"177",3,"13",0,0,0,71.8544,-80.9028,7017.76739695681
"178",5,"13",-Inf,-Inf,-Inf,71.8412,-80.8536,8768.28098263765
"179",6,"13",0,0,0,71.8368,-80.8319,11192.6144234947
"180",7,"13",-Inf,-Inf,-Inf,71.8033,-80.7595,19293.7485383275
"181",8,"13",-Inf,-Inf,-Inf,71.8702,-80.7133,15004.862376256
"182",9,"13",-Inf,-Inf,-Inf,71.8701,-80.7112,14771.8980560305
"183",10,"13",-Inf,-Inf,-Inf,71.8634,-80.696,16085.5938901146
"184",14,"13",1,0,1,71.7708,-80.5799,5536.56586732303
"185",15,"13",1,0,1,71.7449,-80.5305,5536.56586732303
"186",16,"13",-Inf,-Inf,-Inf,71.8196,-80.5177,7002.89418213459
"187",17,"13",-Inf,-Inf,-Inf,71.8139,-80.5009,7263.44144373467
"188",18,"13",-Inf,-Inf,-Inf,71.7948,-80.4523,7079.67778940496
"189",19,"13",-Inf,-Inf,-Inf,71.779,-80.4441,6134.9708926484
"190",20,"13",1,0,1,71.6842,-80.4395,4998.17179312945
"191",21,"13",-Inf,-Inf,-Inf,71.7585,-80.3982,4814.05431032793
"192",22,"13",1,0,1,71.6184,-80.3961,4998.17179312945
"193",23,"13",-Inf,-Inf,-Inf,71.7359,-80.3569,4896.14608429929
"194",24,"13",1,0,1,71.5549,-80.3386,6529.3302517173
"195",25,"13",-Inf,-Inf,-Inf,71.7369,-80.3271,8017.00182241887
"196",26,"13",0,0,0,71.5088,-80.3042,4131.90189028463
"197",27,"13",-Inf,-Inf,-Inf,71.7226,-80.2873,6537.96190619813
"198",28,"13",1,0,1,71.4765,-80.2676,4290.16933259924
"199",30,"13",-Inf,-Inf,-Inf,71.7112,-80.2472,5291.85028261725
"200",32,"13",-Inf,-Inf,-Inf,71.391,-80.2381,3669.34025939545
"201",33,"13",1,0,1,71.4522,-80.2294,4201.56803054844
"202",34,"13",-Inf,-Inf,-Inf,71.7048,-80.2042,5558.4981658652
"203",35,"13",-Inf,-Inf,-Inf,71.7038,-80.1955,6094.76566460031
"204",40,"13",1,0,1,71.3882,-80.1527,4579.47295126997
"205",41,"13",0,0,0,71.3875,-80.1483,5053.80372196902
"206",43,"13",0,0,0,71.2862,-80.0018,12536.5950572072
"207",46,"13",0,0,0,71.3825,-79.9647,8164.68618154477
"208",48,"13",0,0,0,71.2978,-79.9221,4087.57488780635
"209",49,"13",1,0,1,71.2964,-79.9196,3876.2221701712
"210",50,"13",0,0,0,71.458,-79.8961,4109.39534932152
"211",51,"13",0,0,0,71.2947,-79.9039,2716.44060137091
"212",52,"13",-Inf,-Inf,-Inf,71.4389,-79.8944,3961.82684607518
"213",53,"13",1,0,1,71.415,-79.8918,3876.2221701712
"214",54,"13",0,0,0,71.3492,-79.8631,3455.09800791773
"215",55,"13",1,0,1,71.3436,-79.8538,4468.7100469423
"216",56,"13",0,0,0,71.2211,-79.8042,6042.26801108861
"217",57,"13",0,0,0,71.2207,-79.7977,6716.9034364173
"218",58,"13",0,0,0,71.2447,-79.8005,6262.98353326893
"219",59,"13",1,0,1,71.219,-79.7919,7335.99349616863
"220",61,"13",0,0,0,71.3562,-79.7641,6233.92054647868
"221",62,"13",0,0,0,71.4698,-79.7558,5703.92063696789
"222",63,"13",0,0,0,71.4707,-79.7455,4589.0550003837
"223",64,"13",0,0,0,71.3982,-79.7033,702.358386287206
"224",65,"13",0,0,0,71.4564,-79.7205,2072.3362055902
"225",66,"13",0,0,0,71.3441,-79.7168,1815.13608052538
"226",68,"13",1,0,1,71.3776,-79.7084,728.820191566841
"227",69,"13",1,0,1,71.4111,-79.7058,728.820191566841
"228",70,"13",1,0,1,71.4658,-79.6706,4079.64670070055
"229",71,"13",1,0,1,71.1756,-79.6665,5036.94801311454
"230",72,"13",0,0,0,71.1779,-79.666,4965.34045260102
"231",73,"13",-Inf,-Inf,-Inf,71.3608,-79.6373,4273.20359303628
"232",74,"13",-Inf,-Inf,-Inf,71.3218,-80.195,4569.89436124695
"233",75,"13",1,0,1,71.3616,-79.6362,4372.85341275896
"234",80,"13",1,0,1,71.4476,-79.5701,1061.47947937085
"235",81,"13",1,0,1,71.399,-79.5737,1061.47947937085
"236",82,"13",0,0,0,71.3327,-79.5619,2178.89149514599
"237",83,"13",1,0,1,71.3286,-79.5424,3774.20136737846
"238",84,"13",0,0,0,71.4457,-79.5258,4946.54731975283
"239",85,"13",0,0,0,71.4441,-79.5157,6074.54387555363
"240",86,"13",0,0,0,71.3444,-79.4464,8526.00786797519
"241",88,"13",1,0,1,71.3374,-79.44,7803.17165662985
"242",91,"13",0,0,0,71.3333,-79.3849,4826.76781363358
"243",94,"13",0,0,0,71.3696,-79.3786,5165.05616209197
"244",95,"13",0,0,0,71.2227,-79.3808,2807.8588144417
"245",98,"13",1,0,1,71.214,-79.3739,2123.37700322654
"246",99,"13",0,0,0,71.2144,-79.3719,1987.93042719168
"247",100,"13",0,0,0,71.3304,-79.3486,4224.82930355487
"248",101,"13",1,0,1,71.1373,-79.3612,2123.37700322654
"249",102,"13",0,0,0,71.13,-79.3554,2695.26956849018
"250",104,"13",-Inf,-Inf,-Inf,71.3235,-79.3264,5596.02288055331
"251",107,"13",0,0,0,71.3291,-79.2855,9337.55974059983
"252",108,"13",1,0,1,71.3161,-79.2763,10176.40225672
"253",109,"13",0,0,0,71.325,-79.2731,10576.5232274466
"254",114,"13",0,0,0,71.3097,-79.1953,16614.0436997178
"255",115,"13",0,0,0,71.3087,-79.1925,16300.7126769166
"256",117,"13",-Inf,-Inf,-Inf,71.3017,-79.1906,16080.2064190187
"257",119,"13",0,0,0,71.2918,-79.19,16003.1330080837
"258",122,"13",0,0,0,71.2881,-79.1717,13958.4141633813
"259",124,"13",0,0,0,71.2833,-79.1592,13092.6850068461
"260",127,"13",0,0,0,71.2766,-79.1223,11587.7400651502
"261",128,"13",0,0,0,71.2738,-79.1069,9867.29369743134
"262",129,"13",0,0,0,71.2723,-79.0988,8962.36392065016
"263",135,"13",0,0,0,71.2271,-79.0682,5568.90055420344
"264",138,"13",1,0,1,71.2597,-79.0468,3150.40976390121
"265",139,"13",0,0,0,71.2376,-79.0316,1760.81581460906
"266",141,"13",1,0,1,71.2547,-79.0186,3150.40976390121
"267",143,"13",0,0,0,71.2552,-79.0151,3540.69516911094
"268",145,"13",0,0,0,71.2432,-78.9911,6228.97105469367
"269",148,"13",0,0,0,71.2451,-78.9201,10999.6995012677
"270",150,"13",0,0,0,71.2444,-78.9136,11725.5932494802
"271",160,"13",0,0,0,71.2483,-78.8876,14627.1232569262
"272",164,"13",1,0,1,71.227,-78.8723,16345.5234222872
"273",165,"13",0,0,0,71.2268,-78.872,16379.1529298002
"274",173,"13",0,0,0,71.2203,-78.8383,20144.4323060455
"275",338,"13",0,0,0,71.2181,-79.7897,7573.75672535765
"276",339,"13",0,0,0,71.3612,-79.645,3545.27354837062
"277",355,"13",0,0,0,71.4038,-80.1698,2684.97760110147
"278",356,"13",0,0,0,71.4708,-80.2779,5426.99441164023
"279",357,"13",1,0,1,71.8392,-80.84,10287.3460733832
"280",359,"13",0,0,0,71.4306,-80.0472,14484.3083680705
"281",360,"13",-Inf,-Inf,-Inf,71.7598,-80.4008,4544.05870007353
"282",374,"13",0,0,0,71.5142,-80.3067,4423.3877377459
"283",375,"13",0,1,1,71.4607,-80.1918,4201.56803054844
"284",376,"13",-Inf,-Inf,-Inf,71.5028,-80.1798,3732.96026371019
"285",377,"13",-Inf,-Inf,-Inf,71.3801,-79.4524,9404.27435615202
"286",378,"13",-Inf,-Inf,-Inf,71.4543,-80.2251,3720.30870826529
"287",379,"13",-Inf,-Inf,-Inf,71.4002,-80.1513,4667.03813492174
"288",380,"13",-Inf,-Inf,-Inf,71.4306,-80.04,13694.4244952465
"289",382,"13",-Inf,-Inf,-Inf,71.6283,-80.2852,6120.2509916147
"290",383,"13",-Inf,-Inf,-Inf,71.654,-80.4598,7143.57873190771
"291",384,"13",-Inf,-Inf,-Inf,71.7214,-80.7419,18111.7494687064
"292",385,"13",-Inf,-Inf,-Inf,71.3612,-80.2365,4100.37215444559
"293",386,"13",-Inf,-Inf,-Inf,71.7172,-80.2554,5795.53071747512
"294",387,"13",-Inf,-Inf,-Inf,71.9265,-80.7551,19765.751613416
"295",388,"13",-Inf,-Inf,-Inf,71.9083,-80.8245,12054.9023669792
"296",389,"13",-Inf,-Inf,-Inf,71.3553,-79.3048,7743.74243118632
"297",390,"13",-Inf,-Inf,-Inf,71.8131,-80.4997,7132.19011284793
"298",391,"13",-Inf,-Inf,-Inf,71.9302,-80.8486,9423.22293664542
"299",392,"13",-Inf,-Inf,-Inf,71.9708,-80.82,12690.0721020585
"300",393,"13",-Inf,-Inf,-Inf,71.9339,-80.7304,17063.7509813469
"301",400,"13",-Inf,-Inf,-Inf,71.8065,-80.7042,15175.4044627663
"302",401,"13",-Inf,-Inf,-Inf,71.8751,-80.8619,7848.56620497069
"303",438,"13",-Inf,-Inf,-Inf,71.7809,-80.6121,9135.53121456007
"304",442,"13",-Inf,-Inf,-Inf,71.3446,-79.7615,5965.31082479631
"305",443,"13",-Inf,-Inf,-Inf,71.3538,-79.853,4495.98979306883
"306",444,"13",-Inf,-Inf,-Inf,71.381,-80.2278,4295.31260643654
"307",445,"13",-Inf,-Inf,-Inf,71.417,-80.3405,7260.00559248259
"308",446,"13",-Inf,-Inf,-Inf,71.4672,-80.2813,5802.1715910529
"309",447,"13",-Inf,-Inf,-Inf,71.3688,-80.1314,6968.61132329014
"310",448,"13",-Inf,-Inf,-Inf,71.5149,-80.3461,5908.42614273442
"311",449,"13",-Inf,-Inf,-Inf,71.5976,-80.3842,5154.02748240303
"312",450,"13",-Inf,-Inf,-Inf,71.8069,-80.709,14639.5378853205
"313",451,"13",-Inf,-Inf,-Inf,71.8227,-80.8751,6387.54162529846
"314",452,"13",-Inf,-Inf,-Inf,71.8524,-81.0287,21072.6451861629
"315",453,"13",-Inf,-Inf,-Inf,71.2724,-79.0907,8058.94656668888
"316",454,"13",-Inf,-Inf,-Inf,71.6801,-80.2282,5820.59928622741
"317",455,"13",-Inf,-Inf,-Inf,71.7833,-80.2546,6870.02988261693
"318",460,"13",-Inf,-Inf,-Inf,71.4334,-80.0222,14564.8273954568
"319",461,"13",-Inf,-Inf,-Inf,71.44,-79.928,4071.55845103633
"320",462,"13",-Inf,-Inf,-Inf,71.4489,-79.8944,4101.96286306265
"321",463,"13",-Inf,-Inf,-Inf,71.4125,-79.8853,3768.68182859726
"322",464,"13",-Inf,-Inf,-Inf,71.4097,-79.8855,3770.23346731994
"323",465,"13",-Inf,-Inf,-Inf,71.4478,-79.7967,6698.93772712145
"324",466,"13",-Inf,-Inf,-Inf,71.4669,-79.8101,5451.51555097659
"325",467,"13",-Inf,-Inf,-Inf,71.4634,-79.7131,1790.21731491623
"326",468,"13",-Inf,-Inf,-Inf,71.3662,-79.4955,6224.74943573496
"327",469,"13",-Inf,-Inf,-Inf,71.446,-79.5481,2462.83878350877
"328",470,"13",-Inf,-Inf,-Inf,71.4396,-79.4363,8366.80757692505
"329",472,"13",-Inf,-Inf,-Inf,71.3823,-79.4528,9462.27169600464
"330",473,"13",-Inf,-Inf,-Inf,71.382,-79.4493,9097.42658630524
"331",474,"13",-Inf,-Inf,-Inf,71.4332,-79.2549,13358.9128511178
"332",475,"13",-Inf,-Inf,-Inf,71.7343,-80.313,7019.92302620612
"333",476,"13",-Inf,-Inf,-Inf,71.3004,-79.1152,10829.066158988
"334",477,"13",-Inf,-Inf,-Inf,71.46,-79.8083,5574.84014680314
"335",478,"13",-Inf,-Inf,-Inf,71.31,-79.2273,15373.9201742047
"336",480,"13",-Inf,-Inf,-Inf,71.4599,-80.0933,10998.6086878273
"337",481,"13",-Inf,-Inf,-Inf,71.7383,-80.3351,7170.6140948186
"338",482,"13",-Inf,-Inf,-Inf,71.843,-80.8613,7907.94711924541
"339",483,"13",-Inf,-Inf,-Inf,71.5163,-80.3323,7263.24257555621
"340",484,"13",-Inf,-Inf,-Inf,71.6534,-80.4201,2757.92067408466
"341",485,"13",-Inf,-Inf,-Inf,71.3413,-79.4336,7160.1832900172
"342",486,"13",-Inf,-Inf,-Inf,71.8225,-81.1747,37375.8789873823
"343",487,"13",-Inf,-Inf,-Inf,71.2466,-78.8573,18010.3720942186
"344",488,"13",-Inf,-Inf,-Inf,71.3583,-79.7789,7881.25240975689
"345",489,"13",-Inf,-Inf,-Inf,71.7139,-80.6963,16202.5345656301
"346",490,"13",-Inf,-Inf,-Inf,71.386,-80.228,4283.84093630551
"347",491,"13",-Inf,-Inf,-Inf,71.8052,-81.1074,29865.4806344772
"348",492,"13",-Inf,-Inf,-Inf,71.4551,-79.6043,3821.67265801906
"349",493,"13",-Inf,-Inf,-Inf,71.3259,-79.5365,4409.44370234697
"350",494,"13",-Inf,-Inf,-Inf,71.367067,-79.366506,4773.12880984437
"351",2,"14",1,0,1,71.8531,-80.9321,3271.88963355002
"352",3,"14",0,1,1,71.8544,-80.9028,3271.88963355002
"353",5,"14",-Inf,-Inf,-Inf,71.8412,-80.8536,1676.17539214159
"354",6,"14",1,0,1,71.8368,-80.8319,1517.54209052988
"355",7,"14",1,0,1,71.8033,-80.7595,2263.96358614667
"356",8,"14",0,0,0,71.8702,-80.7133,1533.58720019663
"357",9,"14",1,0,1,71.8701,-80.7112,1387.97310192322
"358",10,"14",0,1,1,71.8634,-80.696,1375.88017126705
"359",14,"14",1,0,1,71.7708,-80.5799,5536.56586732303
"360",15,"14",1,0,1,71.7449,-80.5305,3540.75879120554
"361",16,"14",0,0,0,71.8196,-80.5177,1982.26118595654
"362",17,"14",0,1,1,71.8139,-80.5009,134.804824010436
"363",18,"14",0,1,1,71.7948,-80.4523,961.316968614694
"364",19,"14",1,0,1,71.779,-80.4441,961.316968614694
"365",20,"14",1,0,1,71.6842,-80.4395,1831.56435711289
"366",21,"14",0,0,0,71.7585,-80.3982,2620.68576369857
"367",22,"14",1,0,1,71.6184,-80.3961,2685.81454122902
"368",23,"14",-Inf,-Inf,-Inf,71.7359,-80.3569,3957.68427166778
"369",24,"14",1,0,1,71.5549,-80.3386,3646.84604369839
"370",25,"14",1,0,1,71.7369,-80.3271,3646.84604369839
"371",26,"14",0,0,0,71.5088,-80.3042,3937.4953773622
"372",27,"14",0,0,0,71.7226,-80.2873,3563.46722785462
"373",28,"14",1,0,1,71.4765,-80.2676,3472.90603494348
"374",30,"14",0,0,0,71.7112,-80.2472,4522.6747960452
"375",32,"14",-Inf,-Inf,-Inf,71.391,-80.2381,1512.60356622234
"376",33,"14",1,0,1,71.4522,-80.2294,481.791810988006
"377",34,"14",0,1,1,71.7048,-80.2042,971.639060870744
"378",35,"14",1,0,1,71.7038,-80.1955,971.639060870744
"379",40,"14",1,0,1,71.3882,-80.1527,277.451922956174
"380",41,"14",0,0,0,71.3875,-80.1483,491.49013953814
"381",43,"14",0,0,0,71.2862,-80.0018,5788.16205182675
"382",46,"14",0,0,0,71.3825,-79.9647,7800.42661698345
"383",48,"14",0,0,0,71.2978,-79.9221,4087.57488780635
"384",49,"14",1,0,1,71.2964,-79.9196,3876.2221701712
"385",50,"14",1,0,1,71.458,-79.8961,969.856993560699
"386",51,"14",0,0,0,71.2947,-79.9039,2716.44060137091
"387",52,"14",-Inf,-Inf,-Inf,71.4389,-79.8944,551.078254175242
"388",53,"14",1,0,1,71.415,-79.8918,969.856993560699
"389",54,"14",0,1,1,71.3492,-79.8631,1044.25149797349
"390",55,"14",1,0,1,71.3436,-79.8538,1044.25149797349
"391",56,"14",0,0,0,71.2211,-79.8042,1620.13651848352
"392",57,"14",0,0,0,71.2207,-79.7977,894.748887358125
"393",58,"14",0,0,0,71.2447,-79.8005,1315.76635684704
"394",59,"14",1,0,1,71.219,-79.7919,246.293908824647
"395",61,"14",0,1,1,71.3562,-79.7641,2438.39984238554
"396",62,"14",1,0,1,71.4698,-79.7558,2438.39984238554
"397",63,"14",0,0,0,71.4707,-79.7455,2805.92873210973
"398",64,"14",0,0,0,71.3982,-79.7033,702.358386287206
"399",65,"14",0,1,1,71.4564,-79.7205,1873.58726078283
"400",66,"14",0,1,1,71.3441,-79.7168,1151.57864997998
"401",68,"14",1,0,1,71.3776,-79.7084,728.820191566841
"402",69,"14",1,0,1,71.4111,-79.7058,728.820191566841
"403",70,"14",0,0,0,71.4658,-79.6706,4372.85341275896
"404",71,"14",1,0,1,71.1756,-79.6665,5036.94801311454
"405",72,"14",0,0,0,71.1779,-79.666,4965.34045260102
"406",73,"14",-Inf,-Inf,-Inf,71.3608,-79.6373,4943.0639237084
"407",74,"14",-Inf,-Inf,-Inf,71.3218,-80.195,4569.89436124695
"408",75,"14",1,0,1,71.3616,-79.6362,5036.94801311454
"409",80,"14",0,1,1,71.4476,-79.5701,1061.47947937085
"410",81,"14",1,0,1,71.399,-79.5737,1061.47947937085
"411",82,"14",1,0,1,71.3327,-79.5619,1879.77164348743
"412",83,"14",0,1,1,71.3286,-79.5424,2178.89149514599
"413",84,"14",0,0,0,71.4457,-79.5258,4636.05162340267
"414",85,"14",0,0,0,71.4441,-79.5157,5631.4712096114
"415",86,"14",0,1,1,71.3444,-79.4464,728.811350794471
"416",88,"14",1,0,1,71.3374,-79.44,728.811350794471
"417",91,"14",0,0,0,71.3333,-79.3849,2845.63112459013
"418",94,"14",1,0,1,71.3696,-79.3786,3282.16429038202
"419",95,"14",0,0,0,71.2227,-79.3808,2807.8588144417
"420",98,"14",0,0,0,71.214,-79.3739,2123.37700322654
"421",99,"14",1,0,1,71.2144,-79.3719,1987.93042719168
"422",100,"14",1,0,1,71.3304,-79.3486,3445.75260398814
"423",101,"14",1,0,1,71.1373,-79.3612,1987.93042719168
"424",102,"14",0,0,0,71.13,-79.3554,2533.96342285208
"425",104,"14",-Inf,-Inf,-Inf,71.3235,-79.3264,2500.01714535935
"426",107,"14",0,0,0,71.3291,-79.2855,7045.49384994245
"427",108,"14",0,0,0,71.3161,-79.2763,8078.09906365415
"428",109,"14",0,0,0,71.325,-79.2731,8430.70553044095
"429",114,"14",0,0,0,71.3097,-79.1953,4068.55801839297
"430",115,"14",0,0,0,71.3087,-79.1925,3756.05303790306
"431",117,"14",-Inf,-Inf,-Inf,71.3017,-79.1906,3527.11904136704
"432",119,"14",0,1,1,71.2918,-79.19,3443.56679792558
"433",122,"14",0,0,0,71.2881,-79.1717,2044.7436752325
"434",124,"14",0,1,1,71.2833,-79.1592,3443.56679792558
"435",127,"14",0,0,0,71.2766,-79.1223,2625.42972234415
"436",128,"14",1,0,1,71.2738,-79.1069,904.948777528971
"437",129,"14",0,1,1,71.2723,-79.0988,904.948777528971
"438",135,"14",1,0,1,71.2271,-79.0682,3547.81876599778
"439",138,"14",0,0,0,71.2597,-79.0468,2487.32157426061
"440",139,"14",0,1,1,71.2376,-79.0316,4092.57523151876
"441",141,"14",0,0,0,71.2547,-79.0186,3080.21065097893
"442",143,"14",0,0,0,71.2552,-79.0151,2691.83648002335
"443",145,"14",0,1,1,71.2432,-78.9911,4523.51623974184
"444",148,"14",0,1,1,71.2451,-78.9201,5351.1504345695
"445",150,"14",0,0,0,71.2444,-78.9136,4626.40150484987
"446",160,"14",0,0,0,71.2483,-78.8876,3629.34729166913
"447",164,"14",1,0,1,71.227,-78.8723,5351.1504345695
"448",165,"14",0,0,0,71.2268,-78.872,5384.87090270953
"449",173,"14",0,0,0,71.2203,-78.8383,9148.74214253723
"450",338,"14",0,1,1,71.2181,-79.7897,246.293908824647
"451",339,"14",0,0,0,71.3612,-79.645,4429.02203938638
"452",355,"14",0,0,0,71.4038,-80.1698,2066.87104788038
"453",356,"14",0,0,0,71.4708,-80.2779,3079.18085979714
"454",357,"14",0,0,0,71.8392,-80.84,1880.80475951018
"455",359,"14",0,1,1,71.4306,-80.0472,803.953681386733
"456",360,"14",0,1,1,71.7598,-80.4008,2685.81454122902
"457",374,"14",0,0,0,71.5142,-80.3067,3643.05299478777
"458",375,"14",-Inf,-Inf,-Inf,71.4607,-80.1918,4201.56803054844
"459",376,"14",0,0,0,71.5028,-80.1798,3736.00990255862
"460",377,"14",0,1,1,71.3801,-79.4524,990.844461765335
"461",378,"14",0,1,1,71.4543,-80.2251,481.791810988006
"462",379,"14",0,1,1,71.4002,-80.1513,277.451922956174
"463",380,"14",1,0,1,71.4306,-80.04,803.953681386733
"464",382,"14",1,0,1,71.6283,-80.2852,3472.90603494348
"465",383,"14",1,0,1,71.654,-80.4598,2334.81100423919
"466",384,"14",1,0,1,71.7214,-80.7419,2454.35744537597
"467",385,"14",1,0,1,71.3612,-80.2365,1897.64937703389
"468",386,"14",0,1,1,71.7172,-80.2554,3726.64378278045
"469",387,"14",1,0,1,71.9265,-80.7551,2263.96358614667
"470",388,"14",1,0,1,71.9083,-80.8245,1221.48393601837
"471",389,"14",0,1,1,71.3553,-79.3048,4917.54590331536
"472",390,"14",1,0,1,71.8131,-80.4997,134.804824010436
"473",391,"14",0,1,1,71.9302,-80.8486,1778.25672872303
"474",392,"14",0,1,1,71.9708,-80.82,1221.48393601837
"475",393,"14",0,1,1,71.9339,-80.7304,2432.41582634521
"476",400,"14",0,1,1,71.8065,-80.7042,1375.88017126705
"477",401,"14",0,1,1,71.8751,-80.8619,1778.25672872303
"478",438,"14",-Inf,-Inf,-Inf,71.7809,-80.6121,9135.53121456007
"479",442,"14",-Inf,-Inf,-Inf,71.3446,-79.7615,2566.21149778769
"480",443,"14",-Inf,-Inf,-Inf,71.3538,-79.853,1131.37809924682
"481",444,"14",-Inf,-Inf,-Inf,71.381,-80.2278,1361.3412278996
"482",445,"14",-Inf,-Inf,-Inf,71.417,-80.3405,6182.70844841089
"483",446,"14",-Inf,-Inf,-Inf,71.4672,-80.2813,3067.74027267296
"484",447,"14",-Inf,-Inf,-Inf,71.3688,-80.1314,2407.13023239782
"485",448,"14",-Inf,-Inf,-Inf,71.5149,-80.3461,4671.42204545438
"486",449,"14",-Inf,-Inf,-Inf,71.5976,-80.3842,3546.34255380844
"487",450,"14",-Inf,-Inf,-Inf,71.8069,-80.709,1165.62422965313
"488",451,"14",-Inf,-Inf,-Inf,71.8227,-80.8751,3143.53312198242
"489",452,"14",-Inf,-Inf,-Inf,71.8524,-81.0287,14058.8112653262
"490",453,"14",-Inf,-Inf,-Inf,71.2724,-79.0907,1809.03012016108
"491",454,"14",-Inf,-Inf,-Inf,71.6801,-80.2282,3117.32858059669
"492",455,"14",-Inf,-Inf,-Inf,71.7833,-80.2546,4498.26157918198
"493",460,"14",-Inf,-Inf,-Inf,71.4334,-80.0222,2792.02882572712
"494",461,"14",-Inf,-Inf,-Inf,71.44,-79.928,3579.29548619507
"495",462,"14",-Inf,-Inf,-Inf,71.4489,-79.8944,725.051969907772
"496",463,"14",-Inf,-Inf,-Inf,71.4125,-79.8853,1499.93662905693
"497",464,"14",-Inf,-Inf,-Inf,71.4097,-79.8855,1515.70418956856
"498",465,"14",-Inf,-Inf,-Inf,71.4478,-79.7967,4559.13661824366
"499",466,"14",-Inf,-Inf,-Inf,71.4669,-79.8101,5422.26408315303
"500",467,"14",-Inf,-Inf,-Inf,71.4634,-79.7131,1324.06153666411
"501",468,"14",-Inf,-Inf,-Inf,71.3662,-79.4955,5292.1163488787
"502",469,"14",-Inf,-Inf,-Inf,71.446,-79.5481,2462.83878350877
"503",470,"14",-Inf,-Inf,-Inf,71.4396,-79.4363,2171.04365001949
"504",472,"14",-Inf,-Inf,-Inf,71.3823,-79.4528,1054.18101229387
"505",473,"14",-Inf,-Inf,-Inf,71.382,-79.4493,834.395810004556
"506",474,"14",-Inf,-Inf,-Inf,71.4332,-79.2549,7824.96180729157
"507",475,"14",-Inf,-Inf,-Inf,71.7343,-80.313,3689.9073634931
"508",476,"14",-Inf,-Inf,-Inf,71.3004,-79.1152,1924.7612368577
"509",477,"14",-Inf,-Inf,-Inf,71.46,-79.8083,5215.87684138719
"510",478,"14",-Inf,-Inf,-Inf,71.31,-79.2273,7624.18455475611
"511",480,"14",-Inf,-Inf,-Inf,71.4599,-80.0933,5978.20815675586
"512",481,"14",-Inf,-Inf,-Inf,71.7383,-80.3351,3460.27636730391
"513",482,"14",-Inf,-Inf,-Inf,71.843,-80.8613,2099.27907522029
"514",483,"14",-Inf,-Inf,-Inf,71.5163,-80.3323,4179.07404534802
"515",484,"14",-Inf,-Inf,-Inf,71.6534,-80.4201,2757.92067408466
"516",485,"14",-Inf,-Inf,-Inf,71.3413,-79.4336,1430.60534789908
"517",486,"14",-Inf,-Inf,-Inf,71.8225,-81.1747,30367.2150261145
"518",487,"14",-Inf,-Inf,-Inf,71.2466,-78.8573,7011.82350426309
"519",488,"14",-Inf,-Inf,-Inf,71.3583,-79.7789,3027.51888998821
"520",489,"14",-Inf,-Inf,-Inf,71.7139,-80.6963,2699.57765535563
"521",490,"14",-Inf,-Inf,-Inf,71.386,-80.228,1264.48174019984
"522",491,"14",-Inf,-Inf,-Inf,71.8052,-81.1074,22863.0865886165
"523",492,"14",-Inf,-Inf,-Inf,71.4551,-79.6043,3821.67265801906
"524",493,"14",-Inf,-Inf,-Inf,71.3259,-79.5365,2839.42723266528
"525",494,"14",-Inf,-Inf,-Inf,71.367067,-79.366506,2137.55670512309
"526",2,"15",0,0,0,71.8531,-80.9321,6387.54162529846
"527",3,"15",0,1,1,71.8544,-80.9028,3143.53312198242
"528",5,"15",-Inf,-Inf,-Inf,71.8412,-80.8536,1519.06524041944
"529",6,"15",0,1,1,71.8368,-80.8319,905.49612980629
"530",7,"15",0,0,0,71.8033,-80.7595,2454.35744537597
"531",8,"15",1,0,1,71.8702,-80.7133,1238.02319854556
"532",9,"15",0,0,0,71.8701,-80.7112,1165.62422965313
"533",10,"15",0,1,1,71.8634,-80.696,1773.86028406471
"534",14,"15",0,1,1,71.7708,-80.5799,5536.56586732303
"535",15,"15",1,0,1,71.7449,-80.5305,3540.75879120554
"536",16,"15",0,0,0,71.8196,-80.5177,1982.26118595654
"537",17,"15",1,0,1,71.8139,-80.5009,3540.75879120554
"538",18,"15",1,0,1,71.7948,-80.4523,961.316968614694
"539",19,"15",1,0,1,71.779,-80.4441,961.316968614694
"540",20,"15",1,0,1,71.6842,-80.4395,1831.56435711289
"541",21,"15",0,0,0,71.7585,-80.3982,2620.68576369857
"542",22,"15",1,0,1,71.6184,-80.3961,1384.21671532352
"543",23,"15",-Inf,-Inf,-Inf,71.7359,-80.3569,3996.01934418375
"544",24,"15",1,0,1,71.5549,-80.3386,1123.8397659037
"545",25,"15",0,0,0,71.7369,-80.3271,4671.42204545438
"546",26,"15",0,0,0,71.5088,-80.3042,3937.4953773622
"547",27,"15",0,0,0,71.7226,-80.2873,3826.83765785426
"548",28,"15",1,0,1,71.4765,-80.2676,1539.79554306599
"549",30,"15",0,0,0,71.7112,-80.2472,1594.36531125784
"550",32,"15",-Inf,-Inf,-Inf,71.391,-80.2381,1165.6143244085
"551",33,"15",1,0,1,71.4522,-80.2294,1361.3412278996
"552",34,"15",1,0,1,71.7048,-80.2042,2720.5628209788
"553",35,"15",0,0,0,71.7038,-80.1955,3678.94963980529
"554",40,"15",1,0,1,71.3882,-80.1527,491.49013953814
"555",41,"15",0,1,1,71.3875,-80.1483,491.49013953814
"556",43,"15",0,0,0,71.2862,-80.0018,4545.37434030184
"557",46,"15",0,1,1,71.3825,-79.9647,4248.47932088218
"558",48,"15",0,0,0,71.2978,-79.9221,2033.1046587853
"559",49,"15",1,0,1,71.2964,-79.9196,1753.36711676159
"560",50,"15",1,0,1,71.458,-79.8961,260.434839051617
"561",51,"15",0,1,1,71.2947,-79.9039,1753.36711676159
"562",52,"15",-Inf,-Inf,-Inf,71.4389,-79.8944,419.640962152899
"563",53,"15",0,0,0,71.415,-79.8918,725.051969907772
"564",54,"15",0,0,0,71.3492,-79.8631,1131.37809924682
"565",55,"15",1,0,1,71.3436,-79.8538,219.665440213714
"566",56,"15",0,0,0,71.2211,-79.8042,1374.02843848122
"567",57,"15",0,1,1,71.2207,-79.7977,648.492575687449
"568",58,"15",0,0,0,71.2447,-79.8005,1086.57225294391
"569",59,"15",1,0,1,71.219,-79.7919,648.492575687449
"570",61,"15",0,1,1,71.3562,-79.7641,370.530429776626
"571",62,"15",0,0,0,71.4698,-79.7558,2566.21149778769
"572",63,"15",0,0,0,71.4707,-79.7455,3079.97460613612
"573",64,"15",0,0,0,71.3982,-79.7033,702.358386287206
"574",65,"15",0,0,0,71.4564,-79.7205,1873.58726078283
"575",66,"15",0,0,0,71.3441,-79.7168,1815.13608052538
"576",68,"15",1,0,1,71.3776,-79.7084,728.820191566841
"577",69,"15",1,0,1,71.4111,-79.7058,728.820191566841
"578",70,"15",0,1,1,71.4658,-79.6706,3545.27354837062
"579",71,"15",1,0,1,71.1756,-79.6665,72.3877923420692
"580",72,"15",0,1,1,71.1779,-79.666,72.3877923420692
"581",73,"15",-Inf,-Inf,-Inf,71.3608,-79.6373,859.800130659219
"582",74,"15",0,0,0,71.3218,-80.195,3218.11366891286
"583",75,"15",1,0,1,71.3616,-79.6362,982.618639604644
"584",80,"15",1,0,1,71.4476,-79.5701,1061.47947937085
"585",81,"15",1,0,1,71.399,-79.5737,1061.47947937085
"586",82,"15",1,0,1,71.3327,-79.5619,1879.77164348743
"587",83,"15",0,1,1,71.3286,-79.5424,2178.89149514599
"588",84,"15",0,0,0,71.4457,-79.5258,2489.95300023311
"589",85,"15",0,1,1,71.4441,-79.5157,2756.46466881989
"590",86,"15",0,1,1,71.3444,-79.4464,728.811350794471
"591",88,"15",0,1,1,71.3374,-79.44,728.811350794471
"592",91,"15",0,0,0,71.3333,-79.3849,2845.63112459013
"593",94,"15",1,0,1,71.3696,-79.3786,3282.16429038202
"594",95,"15",-Inf,-Inf,-Inf,71.2227,-79.3808,2807.8588144417
"595",98,"15",0,0,0,71.214,-79.3739,2123.37700322654
"596",99,"15",1,0,1,71.2144,-79.3719,1987.93042719168
"597",100,"15",1,0,1,71.3304,-79.3486,3445.75260398814
"598",101,"15",1,0,1,71.1373,-79.3612,1987.93042719168
"599",102,"15",-Inf,-Inf,-Inf,71.13,-79.3554,2533.96342285208
"600",104,"15",-Inf,-Inf,-Inf,71.3235,-79.3264,2500.01714535935
"601",107,"15",0,0,0,71.3291,-79.2855,2222.42666292877
"602",108,"15",0,0,0,71.3161,-79.2763,3284.5141668841
"603",109,"15",0,1,1,71.325,-79.2731,3032.59676833158
"604",114,"15",0,0,0,71.3097,-79.1953,700.497283807434
"605",115,"15",0,1,1,71.3087,-79.1925,450.772180870786
"606",117,"15",-Inf,-Inf,-Inf,71.3017,-79.1906,257.869531780918
"607",119,"15",0,1,1,71.2918,-79.19,450.772180870786
"608",122,"15",1,0,1,71.2881,-79.1717,1399.30907181407
"609",124,"15",0,1,1,71.2833,-79.1592,1399.30907181407
"610",127,"15",0,0,0,71.2766,-79.1223,1720.481094016
"611",128,"15",1,0,1,71.2738,-79.1069,1083.39634340423
"612",129,"15",0,0,0,71.2723,-79.0988,904.948777528971
"613",135,"15",0,0,0,71.2271,-79.0682,4092.57523151876
"614",138,"15",0,0,0,71.2597,-79.0468,3150.40976390121
"615",139,"15",0,1,1,71.2376,-79.0316,1496.33158753808
"616",141,"15",1,0,1,71.2547,-79.0186,390.930308916323
"617",143,"15",0,1,1,71.2552,-79.0151,390.930308916323
"618",145,"15",0,0,0,71.2432,-78.9911,3080.21065097893
"619",148,"15",-Inf,-Inf,-Inf,71.2451,-78.9201,10999.6995012677
"620",150,"15",-Inf,-Inf,-Inf,71.2444,-78.9136,11725.5932494802
"621",160,"15",-Inf,-Inf,-Inf,71.2483,-78.8876,14627.1232569262
"622",164,"15",-Inf,-Inf,-Inf,71.227,-78.8723,16345.5234222872
"623",165,"15",-Inf,-Inf,-Inf,71.2268,-78.872,16379.1529298002
"624",173,"15",-Inf,-Inf,-Inf,71.2203,-78.8383,20144.4323060455
"625",338,"15",0,0,0,71.2181,-79.7897,894.748887358125
"626",339,"15",0,1,1,71.3612,-79.645,982.618639604644
"627",355,"15",0,1,1,71.4038,-80.1698,1932.47307419086
"628",356,"15",-Inf,-Inf,-Inf,71.4708,-80.2779,1155.1344707596
"629",357,"15",1,0,1,71.8392,-80.84,905.49612980629
"630",359,"15",0,1,1,71.4306,-80.0472,803.953681386733
"631",360,"15",1,0,1,71.7598,-80.4008,2685.81454122902
"632",374,"15",0,0,0,71.5142,-80.3067,3643.05299478777
"633",375,"15",0,1,1,71.4607,-80.1918,2684.97760110147
"634",376,"15",0,0,0,71.5028,-80.1798,2192.39173266226
"635",377,"15",0,0,0,71.3801,-79.4524,348.307296106079
"636",378,"15",0,0,0,71.4543,-80.2251,1422.00157555391
"637",379,"15",0,0,0,71.4002,-80.1513,413.630471407996
"638",380,"15",1,0,1,71.4306,-80.04,803.953681386733
"639",382,"15",0,0,0,71.6283,-80.2852,3472.90603494348
"640",383,"15",1,0,1,71.654,-80.4598,2334.81100423919
"641",384,"15",1,0,1,71.7214,-80.7419,3966.65600973158
"642",385,"15",0,1,1,71.3612,-80.2365,1041.38089429356
"643",386,"15",0,1,1,71.7172,-80.2554,1252.73594851924
"644",387,"15",1,0,1,71.9265,-80.7551,3966.65600973158
"645",388,"15",0,0,0,71.9083,-80.8245,2123.10444657161
"646",389,"15",0,1,1,71.3553,-79.3048,3594.90536452198
"647",390,"15",0,0,0,71.8131,-80.4997,3661.11025008753
"648",391,"15",1,0,1,71.9302,-80.8486,1778.25672872303
"649",392,"15",0,0,0,71.9708,-80.82,3236.34695244884
"650",393,"15",0,0,0,71.9339,-80.7304,2761.32219951999
"651",400,"15",0,0,0,71.8065,-80.7042,1375.88017126705
"652",401,"15",0,1,1,71.8751,-80.8619,1742.1904085306
"653",438,"15",-Inf,-Inf,-Inf,71.7809,-80.6121,9135.53121456007
"654",442,"15",1,0,1,71.3446,-79.7615,370.530429776626
"655",443,"15",0,1,1,71.3538,-79.853,219.665440213714
"656",444,"15",1,0,1,71.381,-80.2278,1041.38089429356
"657",445,"15",1,0,1,71.417,-80.3405,1937.75007730934
"658",446,"15",0,1,1,71.4672,-80.2813,1539.79554306599
"659",447,"15",1,0,1,71.3688,-80.1314,1920.65964813018
"660",448,"15",1,0,1,71.5149,-80.3461,1123.8397659037
"661",449,"15",0,1,1,71.5976,-80.3842,1384.21671532352
"662",450,"15",1,0,1,71.8069,-80.709,1238.02319854556
"663",451,"15",0,1,1,71.8227,-80.8751,1742.1904085306
"664",452,"15",0,1,1,71.8524,-81.0287,14058.8112653262
"665",453,"15",0,1,1,71.2724,-79.0907,1809.03012016108
"666",454,"15",0,1,1,71.6801,-80.2282,2720.5628209788
"667",455,"15",0,1,1,71.7833,-80.2546,1252.73594851924
"668",460,"15",0,1,1,71.4334,-80.0222,1988.28775420348
"669",461,"15",0,1,1,71.44,-79.928,2958.51568087462
"670",462,"15",0,1,1,71.4489,-79.8944,260.434839051617
"671",463,"15",0,1,1,71.4125,-79.8853,59.2844113831813
"672",464,"15",1,0,1,71.4097,-79.8855,59.2844113831813
"673",465,"15",1,0,1,71.4478,-79.7967,1317.51079405234
"674",466,"15",0,1,1,71.4669,-79.8101,242.866341044659
"675",467,"15",0,1,1,71.4634,-79.7131,1324.06153666411
"676",468,"15",0,1,1,71.3662,-79.4955,2756.46466881989
"677",469,"15",0,1,1,71.446,-79.5481,2456.66539938409
"678",470,"15",1,0,1,71.4396,-79.4363,1869.7728613636
"679",472,"15",1,0,1,71.3823,-79.4528,390.84464277714
"680",473,"15",0,1,1,71.382,-79.4493,390.84464277714
"681",474,"15",1,0,1,71.4332,-79.2549,3032.59676833158
"682",475,"15",-Inf,-Inf,-Inf,71.7343,-80.313,5531.97004170362
"683",476,"15",1,0,1,71.3004,-79.1152,1083.39634340423
"684",477,"15",0,1,1,71.46,-79.8083,242.866341044659
"685",478,"15",1,0,1,71.31,-79.2273,3885.66877054292
"686",480,"15",-Inf,-Inf,-Inf,71.4599,-80.0933,5178.38080523979
"687",481,"15",-Inf,-Inf,-Inf,71.7383,-80.3351,4362.85975596503
"688",482,"15",-Inf,-Inf,-Inf,71.843,-80.8613,1582.43545957905
"689",483,"15",-Inf,-Inf,-Inf,71.5163,-80.3323,1541.161581124
"690",484,"15",-Inf,-Inf,-Inf,71.6534,-80.4201,2757.92067408466
"691",485,"15",-Inf,-Inf,-Inf,71.3413,-79.4336,1430.60534789908
"692",486,"15",-Inf,-Inf,-Inf,71.8225,-81.1747,30367.2150261145
"693",487,"15",-Inf,-Inf,-Inf,71.2466,-78.8573,18010.3720942186
"694",488,"15",-Inf,-Inf,-Inf,71.3583,-79.7789,1961.76602816065
"695",489,"15",-Inf,-Inf,-Inf,71.7139,-80.6963,2699.57765535563
"696",490,"15",-Inf,-Inf,-Inf,71.386,-80.228,1059.07499193185
"697",491,"15",-Inf,-Inf,-Inf,71.8052,-81.1074,22863.0865886165
"698",492,"15",-Inf,-Inf,-Inf,71.4551,-79.6043,3821.67265801906
"699",493,"15",-Inf,-Inf,-Inf,71.3259,-79.5365,2757.67442382976
"700",494,"15",-Inf,-Inf,-Inf,71.367067,-79.366506,2137.55670512309
"701",2,"16",1,0,1,71.8531,-80.9321,9423.22293664542
"702",3,"16",0,0,0,71.8544,-80.9028,6199.37260724877
"703",5,"16",-Inf,-Inf,-Inf,71.8412,-80.8536,1676.17539214159
"704",6,"16",1,0,1,71.8368,-80.8319,905.49612980629
"705",7,"16",0,0,0,71.8033,-80.7595,2454.35744537597
"706",8,"16",1,0,1,71.8702,-80.7133,1238.02319854556
"707",9,"16",0,0,0,71.8701,-80.7112,1165.62422965313
"708",10,"16",0,0,0,71.8634,-80.696,1935.68716683738
"709",14,"16",0,0,0,71.7708,-80.5799,8989.01052011752
"710",15,"16",1,0,1,71.7449,-80.5305,3661.11025008753
"711",16,"16",0,0,0,71.8196,-80.5177,2013.50065482593
"712",17,"16",0,0,0,71.8139,-80.5009,3540.75879120554
"713",18,"16",1,0,1,71.7948,-80.4523,2499.23812268209
"714",19,"16",0,0,0,71.779,-80.4441,1831.56435711289
"715",20,"16",1,0,1,71.6842,-80.4395,2334.81100423919
"716",21,"16",0,0,0,71.7585,-80.3982,2620.68576369857
"717",22,"16",1,0,1,71.6184,-80.3961,1384.21671532352
"718",23,"16",-Inf,-Inf,-Inf,71.7359,-80.3569,3996.01934418375
"719",24,"16",1,0,1,71.5549,-80.3386,1009.28181488779
"720",25,"16",0,0,0,71.7369,-80.3271,3646.84604369839
"721",26,"16",0,0,0,71.5088,-80.3042,3937.4953773622
"722",27,"16",0,0,0,71.7226,-80.2873,5136.49311559554
"723",28,"16",1,0,1,71.4765,-80.2676,4290.16933259924
"724",30,"16",0,0,0,71.7112,-80.2472,4986.36703113399
"725",32,"16",-Inf,-Inf,-Inf,71.391,-80.2381,1512.60356622234
"726",33,"16",1,0,1,71.4522,-80.2294,1361.3412278996
"727",34,"16",1,0,1,71.7048,-80.2042,4843.28981912844
"728",35,"16",0,0,0,71.7038,-80.1955,4642.59508532614
"729",40,"16",1,0,1,71.3882,-80.1527,2407.13023239782
"730",41,"16",0,0,0,71.3875,-80.1483,1920.65964813018
"731",43,"16",0,0,0,71.2862,-80.0018,5099.3797181604
"732",46,"16",0,1,1,71.3825,-79.9647,5308.47456988968
"733",48,"16",0,0,0,71.2978,-79.9221,4279.01923643241
"734",49,"16",1,0,1,71.2964,-79.9196,4101.96286306265
"735",50,"16",0,0,0,71.458,-79.8961,1499.93662905693
"736",51,"16",0,0,0,71.2947,-79.9039,3049.47443549943
"737",52,"16",-Inf,-Inf,-Inf,71.4389,-79.8944,1140.32151992415
"738",53,"16",0,0,0,71.415,-79.8918,725.051969907772
"739",54,"16",0,0,0,71.3492,-79.8631,2768.92037957418
"740",55,"16",1,0,1,71.3436,-79.8538,3768.68182859726
"741",56,"16",-Inf,-Inf,-Inf,71.2211,-79.8042,5358.88421233203
"742",57,"16",-Inf,-Inf,-Inf,71.2207,-79.7977,4729.29733357476
"743",58,"16",-Inf,-Inf,-Inf,71.2447,-79.8005,4783.42749325612
"744",59,"16",-Inf,-Inf,-Inf,71.219,-79.7919,4559.13661824366
"745",61,"16",0,0,0,71.3562,-79.7641,2438.39984238554
"746",62,"16",1,0,1,71.4698,-79.7558,2566.21149778769
"747",63,"16",0,0,0,71.4707,-79.7455,3076.92648905836
"748",64,"16",0,1,1,71.3982,-79.7033,379.765096969817
"749",65,"16",0,0,0,71.4564,-79.7205,2072.3362055902
"750",66,"16",0,1,1,71.3441,-79.7168,1151.57864997998
"751",68,"16",1,0,1,71.3776,-79.7084,702.358386287206
"752",69,"16",1,0,1,71.4111,-79.7058,379.765096969817
"753",70,"16",-Inf,-Inf,-Inf,71.4658,-79.6706,4079.64670070055
"754",71,"16",1,0,1,71.1756,-79.6665,72.3877923420692
"755",72,"16",0,1,1,71.1779,-79.666,72.3877923420692
"756",73,"16",-Inf,-Inf,-Inf,71.3608,-79.6373,4871.63903075129
"757",74,"16",1,0,1,71.3218,-80.195,2666.23362508466
"758",75,"16",1,0,1,71.3616,-79.6362,4965.34045260102
"759",80,"16",1,0,1,71.4476,-79.5701,1061.47947937085
"760",81,"16",1,0,1,71.399,-79.5737,1061.47947937085
"761",82,"16",1,0,1,71.3327,-79.5619,1879.77164348743
"762",83,"16",0,0,0,71.3286,-79.5424,3013.13282563178
"763",84,"16",0,1,1,71.4457,-79.5258,4636.05162340267
"764",85,"16",0,0,0,71.4441,-79.5157,5631.4712096114
"765",86,"16",0,0,0,71.3444,-79.4464,2251.08942563003
"766",88,"16",0,0,0,71.3374,-79.44,2132.51875169692
"767",91,"16",1,0,1,71.3333,-79.3849,1026.08143339644
"768",94,"16",1,0,1,71.3696,-79.3786,1026.08143339644
"769",95,"16",0,0,0,71.2227,-79.3808,2321.37671809283
"770",98,"16",0,0,0,71.214,-79.3739,2123.37700322654
"771",99,"16",1,0,1,71.2144,-79.3719,1987.93042719168
"772",100,"16",1,0,1,71.3304,-79.3486,3445.75260398814
"773",101,"16",1,0,1,71.1373,-79.3612,1987.93042719168
"774",102,"16",-Inf,-Inf,-Inf,71.13,-79.3554,2533.96342285208
"775",104,"16",-Inf,-Inf,-Inf,71.3235,-79.3264,2500.01714535935
"776",107,"16",0,0,0,71.3291,-79.2855,4044.55961967651
"777",108,"16",0,0,0,71.3161,-79.2763,3412.12062954941
"778",109,"16",0,0,0,71.325,-79.2731,3594.90536452198
"779",114,"16",0,0,0,71.3097,-79.1953,3572.94716796105
"780",115,"16",0,0,0,71.3087,-79.1925,3756.05303790306
"781",117,"16",-Inf,-Inf,-Inf,71.3017,-79.1906,3527.11904136704
"782",119,"16",0,0,0,71.2918,-79.19,3443.56679792558
"783",122,"16",1,0,1,71.2881,-79.1717,1399.30907181407
"784",124,"16",0,1,1,71.2833,-79.1592,1399.30907181407
"785",127,"16",0,0,0,71.2766,-79.1223,2625.42972234415
"786",128,"16",0,0,0,71.2738,-79.1069,1083.39634340423
"787",129,"16",0,1,1,71.2723,-79.0988,1924.7612368577
"788",135,"16",0,0,0,71.2271,-79.0682,5471.59390515863
"789",138,"16",0,0,0,71.2597,-79.0468,5812.10205804014
"790",139,"16",0,0,0,71.2376,-79.0316,4523.51623974184
"791",141,"16",1,0,1,71.2547,-79.0186,3080.21065097893
"792",143,"16",0,0,0,71.2552,-79.0151,2691.83648002335
"793",145,"16",0,1,1,71.2432,-78.9911,3080.21065097893
"794",148,"16",-Inf,-Inf,-Inf,71.2451,-78.9201,10999.6995012677
"795",150,"16",-Inf,-Inf,-Inf,71.2444,-78.9136,11725.5932494802
"796",160,"16",-Inf,-Inf,-Inf,71.2483,-78.8876,14627.1232569262
"797",164,"16",-Inf,-Inf,-Inf,71.227,-78.8723,16345.5234222872
"798",165,"16",-Inf,-Inf,-Inf,71.2268,-78.872,16379.1529298002
"799",173,"16",-Inf,-Inf,-Inf,71.2203,-78.8383,20144.4323060455
"800",338,"16",-Inf,-Inf,-Inf,71.2181,-79.7897,4612.52337454726
"801",339,"16",-Inf,-Inf,-Inf,71.3612,-79.645,4360.13003807867
"802",355,"16",0,0,0,71.4038,-80.1698,2684.97760110147
"803",356,"16",-Inf,-Inf,-Inf,71.4708,-80.2779,5426.99441164023
"804",357,"16",0,1,1,71.8392,-80.84,905.49612980629
"805",359,"16",0,0,0,71.4306,-80.0472,5178.38080523979
"806",360,"16",0,1,1,71.7598,-80.4008,2685.81454122902
"807",374,"16",0,0,0,71.5142,-80.3067,3643.05299478777
"808",375,"16",0,1,1,71.4607,-80.1918,2666.23362508466
"809",376,"16",0,0,0,71.5028,-80.1798,3732.96026371019
"810",377,"16",0,0,0,71.3801,-79.4524,2171.04365001949
"811",378,"16",0,0,0,71.4543,-80.2251,1422.00157555391
"812",379,"16",0,0,0,71.4002,-80.1513,2301.74621443679
"813",380,"16",1,0,1,71.4306,-80.04,5978.20815675586
"814",382,"16",0,0,0,71.6283,-80.2852,3689.9073634931
"815",383,"16",1,0,1,71.654,-80.4598,2334.81100423919
"816",384,"16",1,0,1,71.7214,-80.7419,3966.65600973158
"817",385,"16",0,0,0,71.3612,-80.2365,1897.64937703389
"818",386,"16",0,0,0,71.7172,-80.2554,5721.89544607471
"819",387,"16",1,0,1,71.9265,-80.7551,3966.65600973158
"820",388,"16",0,0,0,71.9083,-80.8245,2123.10444657161
"821",389,"16",0,1,1,71.3553,-79.3048,4917.54590331536
"822",390,"16",1,0,1,71.8131,-80.4997,3661.11025008753
"823",391,"16",1,0,1,71.9302,-80.8486,1880.80475951018
"824",392,"16",0,0,0,71.9708,-80.82,3236.34695244884
"825",393,"16",0,0,0,71.9339,-80.7304,2761.32219951999
"826",400,"16",0,0,0,71.8065,-80.7042,1533.58720019663
"827",401,"16",0,0,0,71.8751,-80.8619,2527.20578980471
"828",438,"16",-Inf,-Inf,-Inf,71.7809,-80.6121,10830.5220407516
"829",442,"16",1,0,1,71.3446,-79.7615,2566.21149778769
"830",443,"16",0,0,0,71.3538,-79.853,3786.44845129939
"831",444,"16",1,0,1,71.381,-80.2278,1361.3412278996
"832",445,"16",0,0,0,71.417,-80.3405,2593.14138888291
"833",446,"16",-Inf,-Inf,-Inf,71.4672,-80.2813,5769.12204731196
"834",447,"16",1,0,1,71.3688,-80.1314,2407.13023239782
"835",448,"16",0,0,0,71.5149,-80.3461,1541.161581124
"836",449,"16",0,1,1,71.5976,-80.3842,1384.21671532352
"837",450,"16",1,0,1,71.8069,-80.709,1238.02319854556
"838",451,"16",0,0,0,71.8227,-80.8751,3930.37982241301
"839",452,"16",0,1,1,71.8524,-81.0287,10786.9651184435
"840",453,"16",0,0,0,71.2724,-79.0907,2798.66037703495
"841",454,"16",0,0,0,71.6801,-80.2282,4321.73941314352
"842",455,"16",-Inf,-Inf,-Inf,71.7833,-80.2546,5975.11867139538
"843",460,"16",-Inf,-Inf,-Inf,71.4334,-80.0222,6495.98180908707
"844",461,"16",0,0,0,71.44,-79.928,3755.79204228476
"845",462,"16",0,1,1,71.4489,-79.8944,1241.6541544542
"846",463,"16",0,1,1,71.4125,-79.8853,59.2844113831813
"847",464,"16",1,0,1,71.4097,-79.8855,59.2844113831813
"848",465,"16",1,0,1,71.4478,-79.7967,4430.62828445185
"849",466,"16",0,0,0,71.4669,-79.8101,5451.51555097659
"850",467,"16",0,0,0,71.4634,-79.7131,1699.95732209485
"851",468,"16",0,0,0,71.3662,-79.4955,5168.58594052611
"852",469,"16",-Inf,-Inf,-Inf,71.446,-79.5481,2489.95300023311
"853",470,"16",1,0,1,71.4396,-79.4363,1869.7728613636
"854",472,"16",0,0,0,71.3823,-79.4528,2183.66537925528
"855",473,"16",0,1,1,71.382,-79.4493,1869.7728613636
"856",474,"16",1,0,1,71.4332,-79.2549,4011.71462151924
"857",475,"16",1,0,1,71.7343,-80.313,4416.75091676085
"858",476,"16",1,0,1,71.3004,-79.1152,1924.7612368577
"859",477,"16",0,0,0,71.46,-79.8083,5574.84014680314
"860",478,"16",1,0,1,71.31,-79.2273,4011.71462151924
"861",480,"16",0,1,1,71.4599,-80.0933,4599.04109955804
"862",481,"16",-Inf,-Inf,-Inf,71.7383,-80.3351,3460.27636730391
"863",482,"16",-Inf,-Inf,-Inf,71.843,-80.8613,2379.43094606477
"864",483,"16",1,0,1,71.5163,-80.3323,1009.28181488779
"865",484,"16",-Inf,-Inf,-Inf,71.6534,-80.4201,2757.92067408466
"866",485,"16",-Inf,-Inf,-Inf,71.3413,-79.4336,2035.33600439343
"867",486,"16",-Inf,-Inf,-Inf,71.8225,-81.1747,27095.5475297475
"868",487,"16",-Inf,-Inf,-Inf,71.2466,-78.8573,18010.3720942186
"869",488,"16",-Inf,-Inf,-Inf,71.3583,-79.7789,2662.84983078471
"870",489,"16",-Inf,-Inf,-Inf,71.7139,-80.6963,3399.02747530138
"871",490,"16",-Inf,-Inf,-Inf,71.386,-80.228,1264.48174019984
"872",491,"16",-Inf,-Inf,-Inf,71.8052,-81.1074,19592.9341959137
"873",492,"16",-Inf,-Inf,-Inf,71.4551,-79.6043,3821.67265801906
"874",493,"16",-Inf,-Inf,-Inf,71.3259,-79.5365,2839.42723266528
"875",494,"16",-Inf,-Inf,-Inf,71.367067,-79.366506,2137.55670512309
"876",2,"17",1,0,1,71.8531,-80.9321,9423.22293664542
"877",3,"17",0,0,0,71.8544,-80.9028,6199.37260724877
"878",5,"17",-Inf,-Inf,-Inf,71.8412,-80.8536,1676.17539214159
"879",6,"17",0,0,0,71.8368,-80.8319,1517.54209052988
"880",7,"17",0,0,0,71.8033,-80.7595,2454.35744537597
"881",8,"17",1,0,1,71.8702,-80.7133,1533.58720019663
"882",9,"17",0,0,0,71.8701,-80.7112,1387.97310192322
"883",10,"17",0,1,1,71.8634,-80.696,1375.88017126705
"884",14,"17",0,0,0,71.7708,-80.5799,8856.81835750828
"885",15,"17",1,0,1,71.7449,-80.5305,3540.75879120554
"886",16,"17",0,0,0,71.8196,-80.5177,1982.26118595654
"887",17,"17",1,0,1,71.8139,-80.5009,3540.75879120554
"888",18,"17",0,0,0,71.7948,-80.4523,2499.23812268209
"889",19,"17",1,0,1,71.779,-80.4441,1831.56435711289
"890",20,"17",1,0,1,71.6842,-80.4395,1831.56435711289
"891",21,"17",0,0,0,71.7585,-80.3982,4814.05431032793
"892",22,"17",1,0,1,71.6184,-80.3961,4998.17179312945
"893",23,"17",-Inf,-Inf,-Inf,71.7359,-80.3569,3957.68427166778
"894",24,"17",1,0,1,71.5549,-80.3386,1009.28181488779
"895",25,"17",0,0,0,71.7369,-80.3271,3646.84604369839
"896",26,"17",0,0,0,71.5088,-80.3042,3937.4953773622
"897",27,"17",0,0,0,71.7226,-80.2873,5345.59521850447
"898",28,"17",1,0,1,71.4765,-80.2676,4290.16933259924
"899",30,"17",0,0,0,71.7112,-80.2472,4986.36703113399
"900",32,"17",-Inf,-Inf,-Inf,71.391,-80.2381,1512.60356622234
"901",33,"17",1,0,1,71.4522,-80.2294,1361.3412278996
"902",34,"17",1,0,1,71.7048,-80.2042,5558.4981658652
"903",35,"17",0,0,0,71.7038,-80.1955,6094.76566460031
"904",40,"17",1,0,1,71.3882,-80.1527,277.451922956174
"905",41,"17",0,0,0,71.3875,-80.1483,491.49013953814
"906",43,"17",0,0,0,71.2862,-80.0018,9180.57324835731
"907",46,"17",0,0,0,71.3825,-79.9647,7800.42661698345
"908",48,"17",0,0,0,71.2978,-79.9221,4272.59436414415
"909",49,"17",1,0,1,71.2964,-79.9196,4109.39534932152
"910",50,"17",1,0,1,71.458,-79.8961,4109.39534932152
"911",51,"17",0,0,0,71.2947,-79.9039,3314.7556958523
"912",52,"17",-Inf,-Inf,-Inf,71.4389,-79.8944,3961.82684607518
"913",53,"17",0,0,0,71.415,-79.8918,3876.2221701712
"914",54,"17",0,0,0,71.3492,-79.8631,6393.07814580621
"915",55,"17",0,0,0,71.3436,-79.8538,6698.93772712145
"916",56,"17",0,0,0,71.2211,-79.8042,4560.8371263592
"917",57,"17",0,0,0,71.2207,-79.7977,4494.00841410976
"918",58,"17",0,0,0,71.2447,-79.8005,4039.63958424357
"919",59,"17",1,0,1,71.219,-79.7919,4126.69558678413
"920",61,"17",1,0,1,71.3562,-79.7641,2438.39984238554
"921",62,"17",1,0,1,71.4698,-79.7558,2438.39984238554
"922",63,"17",0,0,0,71.4707,-79.7455,3079.97460613612
"923",64,"17",0,0,0,71.3982,-79.7033,702.358386287206
"924",65,"17",0,0,0,71.4564,-79.7205,2072.3362055902
"925",66,"17",0,0,0,71.3441,-79.7168,1815.13608052538
"926",68,"17",1,0,1,71.3776,-79.7084,728.820191566841
"927",69,"17",1,0,1,71.4111,-79.7058,728.820191566841
"928",70,"17",0,0,0,71.4658,-79.6706,4372.85341275896
"929",71,"17",1,0,1,71.1756,-79.6665,5036.94801311454
"930",72,"17",0,0,0,71.1779,-79.666,4965.34045260102
"931",73,"17",-Inf,-Inf,-Inf,71.3608,-79.6373,4943.0639237084
"932",74,"17",1,0,1,71.3218,-80.195,3831.10610017986
"933",75,"17",1,0,1,71.3616,-79.6362,5036.94801311454
"934",80,"17",1,0,1,71.4476,-79.5701,2497.80780795486
"935",81,"17",0,0,0,71.399,-79.5737,1879.77164348743
"936",82,"17",1,0,1,71.3327,-79.5619,2497.80780795486
"937",83,"17",0,0,0,71.3286,-79.5424,3920.42812228757
"938",84,"17",0,0,0,71.4457,-79.5258,4946.54731975283
"939",85,"17",0,0,0,71.4441,-79.5157,6074.54387555363
"940",86,"17",0,1,1,71.3444,-79.4464,1054.18101229387
"941",88,"17",0,0,0,71.3374,-79.44,728.811350794471
"942",91,"17",0,0,0,71.3333,-79.3849,2745.62475376363
"943",94,"17",1,0,1,71.3696,-79.3786,3246.4069693788
"944",95,"17",0,0,0,71.2227,-79.3808,2807.8588144417
"945",98,"17",1,0,1,71.214,-79.3739,2123.37700322654
"946",99,"17",0,0,0,71.2144,-79.3719,1987.93042719168
"947",100,"17",1,0,1,71.3304,-79.3486,3445.75260398814
"948",101,"17",1,0,1,71.1373,-79.3612,2123.37700322654
"949",102,"17",0,0,0,71.13,-79.3554,2695.26956849018
"950",104,"17",-Inf,-Inf,-Inf,71.3235,-79.3264,5466.66058714874
"951",107,"17",0,0,0,71.3291,-79.2855,6510.46130539906
"952",108,"17",0,0,0,71.3161,-79.2763,5472.55622626663
"953",109,"17",0,0,0,71.325,-79.2731,5123.32269974893
"954",114,"17",0,0,0,71.3097,-79.1953,2673.64434658204
"955",115,"17",0,1,1,71.3087,-79.1925,2362.20834362328
"956",117,"17",-Inf,-Inf,-Inf,71.3017,-79.1906,2129.43567994536
"957",119,"17",0,0,0,71.2918,-79.19,2044.7436752325
"958",122,"17",1,0,1,71.2881,-79.1717,2362.20834362328
"959",124,"17",0,0,0,71.2833,-79.1592,3756.05303790306
"960",127,"17",0,0,0,71.2766,-79.1223,5521.00424810856
"961",128,"17",1,0,1,71.2738,-79.1069,7241.42785493331
"962",129,"17",0,0,0,71.2723,-79.0988,8146.36001050201
"963",135,"17",0,0,0,71.2271,-79.0682,5568.90055420344
"964",138,"17",0,0,0,71.2597,-79.0468,6717.00321132575
"965",139,"17",0,0,0,71.2376,-79.0316,8442.37817075142
"966",141,"17",1,0,1,71.2547,-79.0186,9867.29369743134
"967",143,"17",0,0,0,71.2552,-79.0151,10257.3527282569
"968",145,"17",0,0,0,71.2432,-78.9911,11556.5434464275
"969",148,"17",0,0,0,71.2451,-78.9201,5384.87090270953
"970",150,"17",0,0,0,71.2444,-78.9136,4660.13609711378
"971",160,"17",1,0,1,71.2483,-78.8876,1802.28380994896
"972",164,"17",0,0,0,71.227,-78.8723,1768.80994303856
"973",165,"17",1,0,1,71.2268,-78.872,1802.28380994896
"974",173,"17",0,0,0,71.2203,-78.8383,5537.4768308773
"975",338,"17",0,0,0,71.2181,-79.7897,3957.75746307312
"976",339,"17",0,0,0,71.3612,-79.645,4429.02203938638
"977",355,"17",0,0,0,71.4038,-80.1698,2066.87104788038
"978",356,"17",0,0,0,71.4708,-80.2779,5426.99441164023
"979",357,"17",1,0,1,71.8392,-80.84,1880.80475951018
"980",359,"17",0,0,0,71.4306,-80.0472,9476.56631396471
"981",360,"17",0,0,0,71.7598,-80.4008,4544.05870007353
"982",374,"17",0,0,0,71.5142,-80.3067,3643.05299478777
"983",375,"17",0,0,0,71.4607,-80.1918,4201.56803054844
"984",376,"17",0,0,0,71.5028,-80.1798,3736.00990255862
"985",377,"17",0,0,0,71.3801,-79.4524,990.844461765335
"986",378,"17",0,0,0,71.4543,-80.2251,1422.00157555391
"987",379,"17",0,1,1,71.4002,-80.1513,277.451922956174
"988",380,"17",1,0,1,71.4306,-80.04,10274.722014675
"989",382,"17",0,0,0,71.6283,-80.2852,5665.14334119963
"990",383,"17",0,0,0,71.654,-80.4598,2904.44167831299
"991",384,"17",1,0,1,71.7214,-80.7419,3966.65600973158
"992",385,"17",0,0,0,71.3612,-80.2365,1897.64937703389
"993",386,"17",0,0,0,71.7172,-80.2554,5721.89544607471
"994",387,"17",1,0,1,71.9265,-80.7551,3966.65600973158
"995",388,"17",1,0,1,71.9083,-80.8245,2123.10444657161
"996",389,"17",0,0,0,71.3553,-79.3048,5801.84263402355
"997",390,"17",0,0,0,71.8131,-80.4997,3661.11025008753
"998",391,"17",1,0,1,71.9302,-80.8486,1880.80475951018
"999",392,"17",0,0,0,71.9708,-80.82,3236.34695244884
"1000",393,"17",0,0,0,71.9339,-80.7304,2761.32219951999
"1001",400,"17",1,0,1,71.8065,-80.7042,1375.88017126705
"1002",401,"17",0,0,0,71.8751,-80.8619,2527.20578980471
"1003",438,"17",-Inf,-Inf,-Inf,71.7809,-80.6121,9487.36200782729
"1004",442,"17",0,0,0,71.3446,-79.7615,2566.21149778769
"1005",443,"17",0,0,0,71.3538,-79.853,6554.24287433289
"1006",444,"17",1,0,1,71.381,-80.2278,1361.3412278996
"1007",445,"17",0,0,0,71.417,-80.3405,2593.14138888291
"1008",446,"17",0,0,0,71.4672,-80.2813,5769.12204731196
"1009",447,"17",1,0,1,71.3688,-80.1314,2301.74621443679
"1010",448,"17",0,0,0,71.5149,-80.3461,1541.161581124
"1011",449,"17",0,0,0,71.5976,-80.3842,5154.02748240303
"1012",450,"17",0,0,0,71.8069,-80.709,1238.02319854556
"1013",451,"17",0,0,0,71.8227,-80.8751,3930.37982241301
"1014",452,"17",0,1,1,71.8524,-81.0287,10786.9651184435
"1015",453,"17",0,0,0,71.2724,-79.0907,8058.94656668888
"1016",454,"17",0,0,0,71.6801,-80.2282,4321.73941314352
"1017",455,"17",0,0,0,71.7833,-80.2546,5975.11867139538
"1018",460,"17",0,0,0,71.4334,-80.0222,11762.0686575219
"1019",461,"17",0,0,0,71.44,-79.928,3579.29548619507
"1020",462,"17",0,0,0,71.4489,-79.8944,4101.96286306265
"1021",463,"17",0,0,0,71.4125,-79.8853,4453.78356143238
"1022",464,"17",0,0,0,71.4097,-79.8855,4406.72962227067
"1023",465,"17",1,0,1,71.4478,-79.7967,4067.48344199437
"1024",466,"17",0,0,0,71.4669,-79.8101,5306.80882856359
"1025",467,"17",0,0,0,71.4634,-79.7131,1790.21731491623
"1026",468,"17",0,0,0,71.3662,-79.4955,5500.34566535243
"1027",469,"17",0,0,0,71.446,-79.5481,2763.43903709606
"1028",470,"17",0,0,0,71.4396,-79.4363,2183.66537925528
"1029",472,"17",1,0,1,71.3823,-79.4528,1054.18101229387
"1030",473,"17",0,0,0,71.382,-79.4493,834.395810004556
"1031",474,"17",1,0,1,71.4332,-79.2549,4011.71462151924
"1032",475,"17",0,0,0,71.7343,-80.313,4416.75091676085
"1033",476,"17",0,0,0,71.3004,-79.1152,6313.75077230991
"1034",477,"17",0,0,0,71.46,-79.8083,5105.92751181036
"1035",478,"17",1,0,1,71.31,-79.2273,3885.66877054292
"1036",480,"17",0,0,0,71.4599,-80.0933,5978.20815675586
"1037",481,"17",1,0,1,71.7383,-80.3351,3460.27636730391
"1038",482,"17",0,0,0,71.843,-80.8613,2379.43094606477
"1039",483,"17",1,0,1,71.5163,-80.3323,1009.28181488779
"1040",484,"17",0,0,0,71.6534,-80.4201,2757.92067408466
"1041",485,"17",1,0,1,71.3413,-79.4336,1430.60534789908
"1042",486,"17",1,0,1,71.8225,-81.1747,16311.5575128211
"1043",487,"17",-Inf,-Inf,-Inf,71.2466,-78.8573,3383.25208046718
"1044",488,"17",-Inf,-Inf,-Inf,71.3583,-79.7789,2662.84983078471
"1045",489,"17",-Inf,-Inf,-Inf,71.7139,-80.6963,2699.57765535563
"1046",490,"17",-Inf,-Inf,-Inf,71.386,-80.228,1264.48174019984
"1047",491,"17",-Inf,-Inf,-Inf,71.8052,-81.1074,8826.20422503795
"1048",492,"17",-Inf,-Inf,-Inf,71.4551,-79.6043,4028.21909672036
"1049",493,"17",-Inf,-Inf,-Inf,71.3259,-79.5365,4488.71057262324
"1050",494,"17",-Inf,-Inf,-Inf,71.367067,-79.366506,2137.55670512309
"1051",2,"18",1,0,1,71.8531,-80.9321,9423.22293664542
"1052",3,"18",0,0,0,71.8544,-80.9028,6199.37260724877
"1053",5,"18",-Inf,-Inf,-Inf,71.8412,-80.8536,2424.40060668612
"1054",6,"18",1,0,1,71.8368,-80.8319,2496.98000310667
"1055",7,"18",0,0,0,71.8033,-80.7595,2454.35744537597
"1056",8,"18",0,0,0,71.8702,-80.7133,1533.58720019663
"1057",9,"18",1,0,1,71.8701,-80.7112,1387.97310192322
"1058",10,"18",0,1,1,71.8634,-80.696,1375.88017126705
"1059",14,"18",0,0,0,71.7708,-80.5799,13072.9010457367
"1060",15,"18",0,0,0,71.7449,-80.5305,10222.9516110736
"1061",16,"18",0,0,0,71.8196,-80.5177,9083.26666339522
"1062",17,"18",1,0,1,71.8139,-80.5009,7263.44144373467
"1063",18,"18",0,0,0,71.7948,-80.4523,4451.0836209953
"1064",19,"18",0,0,0,71.779,-80.4441,3552.21253214184
"1065",20,"18",1,0,1,71.6842,-80.4395,2240.47715025711
"1066",21,"18",0,1,1,71.7585,-80.3982,291.330741287602
"1067",22,"18",1,0,1,71.6184,-80.3961,2620.68576369857
"1068",23,"18",-Inf,-Inf,-Inf,71.7359,-80.3569,3957.68427166778
"1069",24,"18",1,0,1,71.5549,-80.3386,1123.8397659037
"1070",25,"18",1,0,1,71.7369,-80.3271,1575.19197807715
"1071",26,"18",0,0,0,71.5088,-80.3042,4131.90189028463
"1072",27,"18",0,0,0,71.7226,-80.2873,3826.83765785426
"1073",28,"18",1,0,1,71.4765,-80.2676,4290.16933259924
"1074",30,"18",0,0,0,71.7112,-80.2472,4986.36703113399
"1075",32,"18",-Inf,-Inf,-Inf,71.391,-80.2381,1512.60356622234
"1076",33,"18",1,0,1,71.4522,-80.2294,1361.3412278996
"1077",34,"18",0,0,0,71.7048,-80.2042,5821.08357095856
"1078",35,"18",0,0,0,71.7038,-80.1955,6769.16940476531
"1079",40,"18",0,0,0,71.3882,-80.1527,4889.87523012655
"1080",41,"18",0,0,0,71.3875,-80.1483,5362.88376766398
"1081",43,"18",0,0,0,71.2862,-80.0018,5788.16205182675
"1082",46,"18",1,0,1,71.3825,-79.9647,7956.04103349391
"1083",48,"18",0,0,0,71.2978,-79.9221,4636.90594760762
"1084",49,"18",0,0,0,71.2964,-79.9196,4406.72962227067
"1085",50,"18",0,0,0,71.458,-79.8961,1499.93662905693
"1086",51,"18",0,0,0,71.2947,-79.9039,3105.15004829501
"1087",52,"18",-Inf,-Inf,-Inf,71.4389,-79.8944,1140.32151992415
"1088",53,"18",0,0,0,71.415,-79.8918,725.051969907772
"1089",54,"18",0,1,1,71.3492,-79.8631,1044.25149797349
"1090",55,"18",1,0,1,71.3436,-79.8538,1044.25149797349
"1091",56,"18",0,1,1,71.2211,-79.8042,1374.02843848122
"1092",57,"18",-Inf,-Inf,-Inf,71.2207,-79.7977,725.823917737236
"1093",58,"18",0,0,0,71.2447,-79.8005,1086.57225294391
"1094",59,"18",1,0,1,71.219,-79.7919,246.293908824647
"1095",61,"18",0,0,0,71.3562,-79.7641,1653.06878945058
"1096",62,"18",0,0,0,71.4698,-79.7558,2566.21149778769
"1097",63,"18",1,0,1,71.4707,-79.7455,3076.92648905836
"1098",64,"18",0,0,0,71.3982,-79.7033,702.358386287206
"1099",65,"18",0,0,0,71.4564,-79.7205,2072.3362055902
"1100",66,"18",0,0,0,71.3441,-79.7168,1815.13608052538
"1101",68,"18",1,0,1,71.3776,-79.7084,728.820191566841
"1102",69,"18",1,0,1,71.4111,-79.7058,728.820191566841
"1103",70,"18",0,1,1,71.4658,-79.6706,4079.64670070055
"1104",71,"18",1,0,1,71.1756,-79.6665,5830.49089737068
"1105",72,"18",0,0,0,71.1779,-79.666,5789.39033234465
"1106",73,"18",-Inf,-Inf,-Inf,71.3608,-79.6373,4943.0639237084
"1107",74,"18",1,0,1,71.3218,-80.195,3831.10610017986
"1108",75,"18",0,0,0,71.3616,-79.6362,5036.94801311454
"1109",80,"18",1,0,1,71.4476,-79.5701,3920.42812228757
"1110",81,"18",0,0,0,71.399,-79.5737,3774.20136737846
"1111",82,"18",0,0,0,71.3327,-79.5619,2497.80780795486
"1112",83,"18",1,0,1,71.3286,-79.5424,3792.53514917628
"1113",84,"18",0,0,0,71.4457,-79.5258,3013.13282563178
"1114",85,"18",1,0,1,71.4441,-79.5157,3792.53514917628
"1115",86,"18",1,0,1,71.3444,-79.4464,834.395810004556
"1116",88,"18",0,0,0,71.3374,-79.44,728.811350794471
"1117",91,"18",0,0,0,71.3333,-79.3849,2745.62475376363
"1118",94,"18",1,0,1,71.3696,-79.3786,3246.4069693788
"1119",95,"18",0,0,0,71.2227,-79.3808,2807.8588144417
"1120",98,"18",1,0,1,71.214,-79.3739,2123.37700322654
"1121",99,"18",0,0,0,71.2144,-79.3719,1987.93042719168
"1122",100,"18",1,0,1,71.3304,-79.3486,3445.75260398814
"1123",101,"18",1,0,1,71.1373,-79.3612,2123.37700322654
"1124",102,"18",0,0,0,71.13,-79.3554,2695.26956849018
"1125",104,"18",-Inf,-Inf,-Inf,71.3235,-79.3264,5466.66058714874
"1126",107,"18",0,0,0,71.3291,-79.2855,6510.46130539906
"1127",108,"18",0,0,0,71.3161,-79.2763,5472.55622626663
"1128",109,"18",0,0,0,71.325,-79.2731,5123.32269974893
"1129",114,"18",0,0,0,71.3097,-79.1953,3572.94716796105
"1130",115,"18",0,0,0,71.3087,-79.1925,3885.66877054292
"1131",117,"18",-Inf,-Inf,-Inf,71.3017,-79.1906,4101.39039860241
"1132",119,"18",0,0,0,71.2918,-79.19,4182.06122143671
"1133",122,"18",1,0,1,71.2881,-79.1717,6224.8765881595
"1134",124,"18",0,0,0,71.2833,-79.1592,5842.92149400082
"1135",127,"18",0,0,0,71.2766,-79.1223,5521.00424810856
"1136",128,"18",1,0,1,71.2738,-79.1069,7241.42785493331
"1137",129,"18",0,0,0,71.2723,-79.0988,8146.36001050201
"1138",135,"18",0,0,0,71.2271,-79.0682,5568.90055420344
"1139",138,"18",0,0,0,71.2597,-79.0468,6717.00321132575
"1140",139,"18",0,0,0,71.2376,-79.0316,8442.37817075142
"1141",141,"18",1,0,1,71.2547,-79.0186,9867.29369743134
"1142",143,"18",0,0,0,71.2552,-79.0151,10257.3527282569
"1143",145,"18",0,0,0,71.2432,-78.9911,12945.7335428243
"1144",148,"18",0,0,0,71.2451,-78.9201,7011.82350426309
"1145",150,"18",0,0,0,71.2444,-78.9136,6286.18788084377
"1146",160,"18",0,0,0,71.2483,-78.8876,3383.25208046718
"1147",164,"18",0,0,0,71.227,-78.8723,1727.30647507103
"1148",165,"18",1,0,1,71.2268,-78.872,1695.9318366679
"1149",173,"18",0,0,0,71.2203,-78.8383,3765.28117302182
"1150",338,"18",1,0,1,71.2181,-79.7897,246.293908824647
"1151",339,"18",0,0,0,71.3612,-79.645,4429.02203938638
"1152",355,"18",0,0,0,71.4038,-80.1698,3218.11366891286
"1153",356,"18",0,0,0,71.4708,-80.2779,5426.99441164023
"1154",357,"18",0,0,0,71.8392,-80.84,1880.80475951018
"1155",359,"18",1,0,1,71.4306,-80.0472,9259.00206613921
"1156",360,"18",1,0,1,71.7598,-80.4008,291.330741287602
"1157",374,"18",0,0,0,71.5142,-80.3067,4196.92943614669
"1158",375,"18",0,0,0,71.4607,-80.1918,4201.56803054844
"1159",376,"18",0,0,0,71.5028,-80.1798,3840.49149829817
"1160",377,"18",0,0,0,71.3801,-79.4524,990.844461765335
"1161",378,"18",0,0,0,71.4543,-80.2251,1422.00157555391
"1162",379,"18",0,1,1,71.4002,-80.1513,5103.29155276783
"1163",380,"18",0,0,0,71.4306,-80.04,8459.55810809467
"1164",382,"18",0,0,0,71.6283,-80.2852,3689.9073634931
"1165",383,"18",0,0,0,71.654,-80.4598,4433.02878405353
"1166",384,"18",1,0,1,71.7214,-80.7419,3966.65600973158
"1167",385,"18",0,0,0,71.3612,-80.2365,1897.64937703389
"1168",386,"18",0,0,0,71.7172,-80.2554,4746.8327042125
"1169",387,"18",1,0,1,71.9265,-80.7551,3966.65600973158
"1170",388,"18",0,0,0,71.9083,-80.8245,2719.17745263136
"1171",389,"18",0,0,0,71.3553,-79.3048,5801.84263402355
"1172",390,"18",0,0,0,71.8131,-80.4997,7132.19011284793
"1173",391,"18",1,0,1,71.9302,-80.8486,2496.98000310667
"1174",392,"18",0,0,0,71.9708,-80.82,3274.28708866293
"1175",393,"18",0,0,0,71.9339,-80.7304,2761.32219951999
"1176",400,"18",1,0,1,71.8065,-80.7042,1375.88017126705
"1177",401,"18",0,0,0,71.8751,-80.8619,3418.36834183121
"1178",438,"18",-Inf,-Inf,-Inf,71.7809,-80.6121,10294.7423042453
"1179",442,"18",1,0,1,71.3446,-79.7615,1961.76602816065
"1180",443,"18",0,0,0,71.3538,-79.853,1131.37809924682
"1181",444,"18",1,0,1,71.381,-80.2278,1361.3412278996
"1182",445,"18",0,0,0,71.417,-80.3405,2593.14138888291
"1183",446,"18",0,0,0,71.4672,-80.2813,5802.1715910529
"1184",447,"18",0,0,0,71.3688,-80.1314,7158.03737991282
"1185",448,"18",1,0,1,71.5149,-80.3461,1123.8397659037
"1186",449,"18",0,0,0,71.5976,-80.3842,3382.45883325265
"1187",450,"18",0,0,0,71.8069,-80.709,1165.62422965313
"1188",451,"18",0,0,0,71.8227,-80.8751,4830.43799130339
"1189",452,"18",0,0,0,71.8524,-81.0287,16311.5575128211
"1190",453,"18",0,0,0,71.2724,-79.0907,8058.94656668888
"1191",454,"18",0,0,0,71.6801,-80.2282,4321.73941314352
"1192",455,"18",0,1,1,71.7833,-80.2546,5975.11867139538
"1193",460,"18",0,0,0,71.4334,-80.0222,6495.98180908707
"1194",461,"18",0,0,0,71.44,-79.928,4248.47932088218
"1195",462,"18",0,1,1,71.4489,-79.8944,1241.6541544542
"1196",463,"18",0,1,1,71.4125,-79.8853,59.2844113831813
"1197",464,"18",1,0,1,71.4097,-79.8855,59.2844113831813
"1198",465,"18",1,0,1,71.4478,-79.7967,2662.84983078471
"1199",466,"18",0,0,0,71.4669,-79.8101,4093.2220061581
"1200",467,"18",0,0,0,71.4634,-79.7131,1790.21731491623
"1201",468,"18",0,0,0,71.3662,-79.4955,5168.58594052611
"1202",469,"18",0,0,0,71.446,-79.5481,2462.83878350877
"1203",470,"18",1,0,1,71.4396,-79.4363,1869.7728613636
"1204",472,"18",0,0,0,71.3823,-79.4528,1054.18101229387
"1205",473,"18",0,1,1,71.382,-79.4493,834.395810004556
"1206",474,"18",1,0,1,71.4332,-79.2549,4011.71462151924
"1207",475,"18",1,0,1,71.7343,-80.313,1575.19197807715
"1208",476,"18",0,0,0,71.3004,-79.1152,6313.75077230991
"1209",477,"18",0,0,0,71.46,-79.8083,3850.58841002825
"1210",478,"18",1,0,1,71.31,-79.2273,4011.71462151924
"1211",480,"18",0,0,0,71.4599,-80.0933,6576.54805748397
"1212",481,"18",0,0,0,71.7383,-80.3351,2468.87420804188
"1213",482,"18",0,0,0,71.843,-80.8613,3284.81054743213
"1214",483,"18",0,0,0,71.5163,-80.3323,1541.161581124
"1215",484,"18",0,1,1,71.6534,-80.4201,2240.47715025711
"1216",485,"18",1,0,1,71.3413,-79.4336,1430.60534789908
"1217",486,"18",1,0,1,71.8225,-81.1747,27095.5475297475
"1218",487,"18",1,0,1,71.2466,-78.8573,1695.9318366679
"1219",488,"18",0,1,1,71.3583,-79.7789,1961.76602816065
"1220",489,"18",-Inf,-Inf,-Inf,71.7139,-80.6963,2699.57765535563
"1221",490,"18",-Inf,-Inf,-Inf,71.386,-80.228,1264.48174019984
"1222",491,"18",-Inf,-Inf,-Inf,71.8052,-81.1074,19592.9341959137
"1223",492,"18",-Inf,-Inf,-Inf,71.4551,-79.6043,7369.32094251592
"1224",493,"18",-Inf,-Inf,-Inf,71.3259,-79.5365,3339.54067986137
"1225",494,"18",-Inf,-Inf,-Inf,71.367067,-79.366506,2137.55670512309
"1226",2,"19",1,0,1,71.8531,-80.9321,3271.88963355002
"1227",3,"19",0,1,1,71.8544,-80.9028,3271.88963355002
"1228",5,"19",-Inf,-Inf,-Inf,71.8412,-80.8536,1676.17539214159
"1229",6,"19",0,0,0,71.8368,-80.8319,2496.98000310667
"1230",7,"19",0,0,0,71.8033,-80.7595,7172.71049023266
"1231",8,"19",0,0,0,71.8702,-80.7133,1935.68716683738
"1232",9,"19",1,0,1,71.8701,-80.7112,1701.59967273661
"1233",10,"19",0,1,1,71.8634,-80.696,1701.59967273661
"1234",14,"19",1,0,1,71.7708,-80.5799,8989.01052011752
"1235",15,"19",0,0,0,71.7449,-80.5305,5536.56586732303
"1236",16,"19",0,0,0,71.8196,-80.5177,7002.89418213459
"1237",17,"19",0,0,0,71.8139,-80.5009,6375.18976854359
"1238",18,"19",0,0,0,71.7948,-80.4523,2499.23812268209
"1239",19,"19",1,0,1,71.779,-80.4441,1831.56435711289
"1240",20,"19",1,0,1,71.6842,-80.4395,1831.56435711289
"1241",21,"19",0,0,0,71.7585,-80.3982,3131.24426643378
"1242",22,"19",1,0,1,71.6184,-80.3961,2757.92067408466
"1243",23,"19",-Inf,-Inf,-Inf,71.7359,-80.3569,3957.68427166778
"1244",24,"19",1,0,1,71.5549,-80.3386,3460.27636730391
"1245",25,"19",0,0,0,71.7369,-80.3271,1575.19197807715
"1246",26,"19",1,0,1,71.5088,-80.3042,3937.4953773622
"1247",27,"19",0,0,0,71.7226,-80.2873,3826.83765785426
"1248",28,"19",0,0,0,71.4765,-80.2676,4290.16933259924
"1249",30,"19",0,0,0,71.7112,-80.2472,5291.85028261725
"1250",32,"19",-Inf,-Inf,-Inf,71.391,-80.2381,1512.60356622234
"1251",33,"19",1,0,1,71.4522,-80.2294,1361.3412278996
"1252",34,"19",0,0,0,71.7048,-80.2042,5821.08357095856
"1253",35,"19",0,0,0,71.7038,-80.1955,6769.16940476531
"1254",40,"19",0,0,0,71.3882,-80.1527,8386.87595428104
"1255",41,"19",0,0,0,71.3875,-80.1483,8877.9270217682
"1256",43,"19",0,0,0,71.2862,-80.0018,5788.16205182675
"1257",46,"19",0,0,0,71.3825,-79.9647,8859.37913757782
"1258",48,"19",0,0,0,71.2978,-79.9221,4682.65081623482
"1259",49,"19",0,0,0,71.2964,-79.9196,4453.78356143238
"1260",50,"19",0,0,0,71.458,-79.8961,1515.70418956856
"1261",51,"19",0,0,0,71.2947,-79.9039,3105.15004829501
"1262",52,"19",-Inf,-Inf,-Inf,71.4389,-79.8944,1146.85587729723
"1263",53,"19",0,0,0,71.415,-79.8918,727.438134623997
"1264",54,"19",0,0,0,71.3492,-79.8631,2768.92037957418
"1265",55,"19",1,0,1,71.3436,-79.8538,3768.68182859726
"1266",56,"19",0,0,0,71.2211,-79.8042,4560.8371263592
"1267",57,"19",0,0,0,71.2207,-79.7977,4494.00841410976
"1268",58,"19",0,0,0,71.2447,-79.8005,4039.63958424357
"1269",59,"19",1,0,1,71.219,-79.7919,4209.54902383344
"1270",61,"19",0,0,0,71.3562,-79.7641,3079.97460613612
"1271",62,"19",0,0,0,71.4698,-79.7558,2566.21149778769
"1272",63,"19",1,0,1,71.4707,-79.7455,3076.92648905836
"1273",64,"19",0,0,0,71.3982,-79.7033,4928.36953269395
"1274",65,"19",0,0,0,71.4564,-79.7205,2805.92873210973
"1275",66,"19",0,0,0,71.3441,-79.7168,4077.05078487148
"1276",68,"19",0,0,0,71.3776,-79.7084,4538.59537127958
"1277",69,"19",1,0,1,71.4111,-79.7058,4589.0550003837
"1278",70,"19",0,0,0,71.4658,-79.6706,5789.39033234465
"1279",71,"19",1,0,1,71.1756,-79.6665,72.3877923420692
"1280",72,"19",0,1,1,71.1779,-79.666,72.3877923420692
"1281",73,"19",-Inf,-Inf,-Inf,71.3608,-79.6373,4943.0639237084
"1282",74,"19",0,0,0,71.3218,-80.195,4569.89436124695
"1283",75,"19",0,0,0,71.3616,-79.6362,5036.94801311454
"1284",80,"19",0,0,0,71.4476,-79.5701,2497.80780795486
"1285",81,"19",1,0,1,71.399,-79.5737,1879.77164348743
"1286",82,"19",1,0,1,71.3327,-79.5619,1879.77164348743
"1287",83,"19",0,0,0,71.3286,-79.5424,3013.13282563178
"1288",84,"19",0,1,1,71.4457,-79.5258,4636.05162340267
"1289",85,"19",0,0,0,71.4441,-79.5157,5631.4712096114
"1290",86,"19",0,0,0,71.3444,-79.4464,834.395810004556
"1291",88,"19",1,0,1,71.3374,-79.44,1382.32837228546
"1292",91,"19",0,0,0,71.3333,-79.3849,2845.63112459013
"1293",94,"19",1,0,1,71.3696,-79.3786,3282.16429038202
"1294",95,"19",0,0,0,71.2227,-79.3808,2807.8588144417
"1295",98,"19",0,0,0,71.214,-79.3739,2123.37700322654
"1296",99,"19",1,0,1,71.2144,-79.3719,1987.93042719168
"1297",100,"19",1,0,1,71.3304,-79.3486,3445.75260398814
"1298",101,"19",1,0,1,71.1373,-79.3612,1987.93042719168
"1299",102,"19",0,0,0,71.13,-79.3554,2533.96342285208
"1300",104,"19",-Inf,-Inf,-Inf,71.3235,-79.3264,2500.01714535935
"1301",107,"19",0,0,0,71.3291,-79.2855,4044.55961967651
"1302",108,"19",0,0,0,71.3161,-79.2763,3412.12062954941
"1303",109,"19",0,0,0,71.325,-79.2731,3594.90536452198
"1304",114,"19",1,0,1,71.3097,-79.1953,2673.64434658204
"1305",115,"19",0,0,0,71.3087,-79.1925,2362.20834362328
"1306",117,"19",-Inf,-Inf,-Inf,71.3017,-79.1906,2129.43567994536
"1307",119,"19",0,0,0,71.2918,-79.19,2044.7436752325
"1308",122,"19",1,0,1,71.2881,-79.1717,2673.64434658204
"1309",124,"19",0,0,0,71.2833,-79.1592,4068.55801839297
"1310",127,"19",0,0,0,71.2766,-79.1223,5521.00424810856
"1311",128,"19",1,0,1,71.2738,-79.1069,6717.00321132575
"1312",129,"19",0,0,0,71.2723,-79.0988,5812.10205804014
"1313",135,"19",0,0,0,71.2271,-79.0682,4432.35791094883
"1314",138,"19",1,0,1,71.2597,-79.0468,3150.40976390121
"1315",139,"19",0,0,0,71.2376,-79.0316,1760.81581460906
"1316",141,"19",1,0,1,71.2547,-79.0186,3150.40976390121
"1317",143,"19",0,0,0,71.2552,-79.0151,3540.69516911094
"1318",145,"19",0,0,0,71.2432,-78.9911,6228.97105469367
"1319",148,"19",0,1,1,71.2451,-78.9201,725.895310742519
"1320",150,"19",1,0,1,71.2444,-78.9136,725.895310742519
"1321",160,"19",0,0,0,71.2483,-78.8876,3383.25208046718
"1322",164,"19",0,0,0,71.227,-78.8723,4626.40150484987
"1323",165,"19",0,0,0,71.2268,-78.872,4660.13609711378
"1324",173,"19",0,0,0,71.2203,-78.8383,8423.41381542806
"1325",338,"19",0,0,0,71.2181,-79.7897,4025.35280064672
"1326",339,"19",0,0,0,71.3612,-79.645,4429.02203938638
"1327",355,"19",0,0,0,71.4038,-80.1698,6490.8434453184
"1328",356,"19",0,0,0,71.4708,-80.2779,5426.99441164023
"1329",357,"19",1,0,1,71.8392,-80.84,1880.80475951018
"1330",359,"19",1,0,1,71.4306,-80.0472,803.953681386733
"1331",360,"19",0,0,0,71.7598,-80.4008,2926.29631246094
"1332",374,"19",0,0,0,71.5142,-80.3067,3643.05299478777
"1333",375,"19",0,0,0,71.4607,-80.1918,4295.31260643654
"1334",376,"19",0,0,0,71.5028,-80.1798,5838.11438913894
"1335",377,"19",0,0,0,71.3801,-79.4524,1637.02387028604
"1336",378,"19",0,0,0,71.4543,-80.2251,1422.00157555391
"1337",379,"19",0,0,0,71.4002,-80.1513,8549.89243585173
"1338",380,"19",1,0,1,71.4306,-80.04,803.953681386733
"1339",382,"19",0,0,0,71.6283,-80.2852,3689.9073634931
"1340",383,"19",0,0,0,71.654,-80.4598,2904.44167831299
"1341",384,"19",0,0,0,71.7214,-80.7419,5728.14915961562
"1342",385,"19",0,0,0,71.3612,-80.2365,1897.64937703389
"1343",386,"19",0,0,0,71.7172,-80.2554,5795.53071747512
"1344",387,"19",0,0,0,71.9265,-80.7551,6696.40067692909
"1345",388,"19",0,0,0,71.9083,-80.8245,2719.17745263136
"1346",389,"19",0,1,1,71.3553,-79.3048,4917.54590331536
"1347",390,"19",1,0,1,71.8131,-80.4997,6240.38928746685
"1348",391,"19",1,0,1,71.9302,-80.8486,1880.80475951018
"1349",392,"19",0,0,0,71.9708,-80.82,3274.28708866293
"1350",393,"19",0,0,0,71.9339,-80.7304,4045.96084316462
"1351",400,"19",0,0,0,71.8065,-80.7042,1387.97310192322
"1352",401,"19",0,0,0,71.8751,-80.8619,2527.20578980471
"1353",438,"19",-Inf,-Inf,-Inf,71.7809,-80.6121,9487.36200782729
"1354",442,"19",1,0,1,71.3446,-79.7615,3076.92648905836
"1355",443,"19",0,0,0,71.3538,-79.853,3786.44845129939
"1356",444,"19",1,0,1,71.381,-80.2278,1361.3412278996
"1357",445,"19",0,0,0,71.417,-80.3405,4404.53793563992
"1358",446,"19",0,0,0,71.4672,-80.2813,5802.1715910529
"1359",447,"19",1,0,1,71.3688,-80.1314,9476.56631396471
"1360",448,"19",0,0,0,71.5149,-80.3461,4362.85975596503
"1361",449,"19",0,0,0,71.5976,-80.3842,4141.16167874226
"1362",450,"19",0,0,0,71.8069,-80.709,1773.86028406471
"1363",451,"19",0,0,0,71.8227,-80.8751,3520.25277281563
"1364",452,"19",0,1,1,71.8524,-81.0287,10786.9651184435
"1365",453,"19",0,0,0,71.2724,-79.0907,4908.9574349682
"1366",454,"19",0,0,0,71.6801,-80.2282,4321.73941314352
"1367",455,"19",0,1,1,71.7833,-80.2546,6586.12888504929
"1368",460,"19",0,0,0,71.4334,-80.0222,2792.02882572712
"1369",461,"19",0,0,0,71.44,-79.928,4798.13774721581
"1370",462,"19",0,0,0,71.4489,-79.8944,1256.2518595084
"1371",463,"19",0,1,1,71.4125,-79.8853,59.2844113831813
"1372",464,"19",1,0,1,71.4097,-79.8855,59.2844113831813
"1373",465,"19",1,0,1,71.4478,-79.7967,4430.62828445185
"1374",466,"19",0,0,0,71.4669,-79.8101,5306.80882856359
"1375",467,"19",0,0,0,71.4634,-79.7131,3620.64144978302
"1376",468,"19",0,0,0,71.3662,-79.4955,5168.58594052611
"1377",469,"19",0,0,0,71.446,-79.5481,2763.43903709606
"1378",470,"19",1,0,1,71.4396,-79.4363,1869.7728613636
"1379",472,"19",0,0,0,71.3823,-79.4528,1698.85915916025
"1380",473,"19",0,1,1,71.382,-79.4493,1382.32837228546
"1381",474,"19",1,0,1,71.4332,-79.2549,4011.71462151924
"1382",475,"19",1,0,1,71.7343,-80.313,2468.87420804188
"1383",476,"19",0,0,0,71.3004,-79.1152,6313.75077230991
"1384",477,"19",0,0,0,71.46,-79.8083,5105.92751181036
"1385",478,"19",1,0,1,71.31,-79.2273,3572.94716796105
"1386",480,"19",0,0,0,71.4599,-80.0933,5178.38080523979
"1387",481,"19",1,0,1,71.7383,-80.3351,2468.87420804188
"1388",482,"19",0,0,0,71.843,-80.8613,2379.43094606477
"1389",483,"19",0,0,0,71.5163,-80.3323,3140.86420230236
"1390",484,"19",0,1,1,71.6534,-80.4201,2240.47715025711
"1391",485,"19",0,0,0,71.3413,-79.4336,1940.80959606453
"1392",486,"19",0,0,0,71.8225,-81.1747,27095.5475297475
"1393",487,"19",1,0,1,71.2466,-78.8573,6286.18788084377
"1394",488,"19",0,0,0,71.3583,-79.7789,2662.84983078471
"1395",489,"19",-Inf,-Inf,-Inf,71.7139,-80.6963,3272.56800887884
"1396",490,"19",-Inf,-Inf,-Inf,71.386,-80.228,1264.48174019984
"1397",491,"19",-Inf,-Inf,-Inf,71.8052,-81.1074,19592.9341959137
"1398",492,"19",-Inf,-Inf,-Inf,71.4551,-79.6043,5340.61424816354
"1399",493,"19",-Inf,-Inf,-Inf,71.3259,-79.5365,2839.42723266528
"1400",494,"19",-Inf,-Inf,-Inf,71.367067,-79.366506,2137.55670512309
"1401",2,"20",0,1,1,71.8531,-80.9321,7848.56620497069
"1402",3,"20",0,0,0,71.8544,-80.9028,4581.79356498173
"1403",5,"20",0,0,0,71.8412,-80.8536,1519.06524041944
"1404",6,"20",0,1,1,71.8368,-80.8319,905.49612980629
"1405",7,"20",0,1,1,71.8033,-80.7595,2263.96358614667
"1406",8,"20",0,0,0,71.8702,-80.7133,1935.68716683738
"1407",9,"20",0,0,0,71.8701,-80.7112,1701.59967273661
"1408",10,"20",0,1,1,71.8634,-80.696,1375.88017126705
"1409",14,"20",0,0,0,71.7708,-80.5799,5536.56586732303
"1410",15,"20",1,0,1,71.7449,-80.5305,3540.75879120554
"1411",16,"20",0,0,0,71.8196,-80.5177,1982.26118595654
"1412",17,"20",1,0,1,71.8139,-80.5009,3540.75879120554
"1413",18,"20",0,0,0,71.7948,-80.4523,2499.23812268209
"1414",19,"20",0,1,1,71.779,-80.4441,1831.56435711289
"1415",20,"20",1,0,1,71.6842,-80.4395,1831.56435711289
"1416",21,"20",0,1,1,71.7585,-80.3982,2620.68576369857
"1417",22,"20",1,0,1,71.6184,-80.3961,1384.21671532352
"1418",23,"20",0,0,0,71.7359,-80.3569,3996.01934418375
"1419",24,"20",1,0,1,71.5549,-80.3386,1123.8397659037
"1420",25,"20",0,0,0,71.7369,-80.3271,3646.84604369839
"1421",26,"20",0,0,0,71.5088,-80.3042,3937.4953773622
"1422",27,"20",0,0,0,71.7226,-80.2873,2878.14451585793
"1423",28,"20",1,0,1,71.4765,-80.2676,3472.90603494348
"1424",30,"20",1,0,1,71.7112,-80.2472,922.628896061734
"1425",32,"20",0,1,1,71.391,-80.2381,1131.75261247874
"1426",33,"20",0,0,0,71.4522,-80.2294,1512.60356622234
"1427",34,"20",0,0,0,71.7048,-80.2042,4802.97521179382
"1428",35,"20",0,0,0,71.7038,-80.1955,5774.60142978715
"1429",40,"20",1,0,1,71.3882,-80.1527,277.451922956174
"1430",41,"20",0,0,0,71.3875,-80.1483,491.49013953814
"1431",43,"20",0,1,1,71.2862,-80.0018,4545.37434030184
"1432",46,"20",0,1,1,71.3825,-79.9647,4545.37434030184
"1433",48,"20",0,0,0,71.2978,-79.9221,4636.90594760762
"1434",49,"20",0,0,0,71.2964,-79.9196,4406.72962227067
"1435",50,"20",0,0,0,71.458,-79.8961,1515.70418956856
"1436",51,"20",0,1,1,71.2947,-79.9039,3049.47443549943
"1437",52,"20",0,0,0,71.4389,-79.8944,1146.85587729723
"1438",53,"20",0,0,0,71.415,-79.8918,727.438134623997
"1439",54,"20",0,0,0,71.3492,-79.8631,2768.92037957418
"1440",55,"20",0,0,0,71.3436,-79.8538,3768.68182859726
"1441",56,"20",0,1,1,71.2211,-79.8042,1374.02843848122
"1442",57,"20",0,0,0,71.2207,-79.7977,725.823917737236
"1443",58,"20",0,0,0,71.2447,-79.8005,1086.57225294391
"1444",59,"20",1,0,1,71.219,-79.7919,1374.02843848122
"1445",61,"20",0,0,0,71.3562,-79.7641,2438.39984238554
"1446",62,"20",1,0,1,71.4698,-79.7558,2566.21149778769
"1447",63,"20",0,0,0,71.4707,-79.7455,2805.92873210973
"1448",64,"20",0,0,0,71.3982,-79.7033,1853.92693824403
"1449",65,"20",0,1,1,71.4564,-79.7205,1873.58726078283
"1450",66,"20",0,1,1,71.3441,-79.7168,1815.13608052538
"1451",68,"20",0,0,0,71.3776,-79.7084,1151.57864997998
"1452",69,"20",0,1,1,71.4111,-79.7058,1815.13608052538
"1453",70,"20",0,1,1,71.4658,-79.6706,4079.64670070055
"1454",71,"20",1,0,1,71.1756,-79.6665,72.3877923420692
"1455",72,"20",0,1,1,71.1779,-79.666,72.3877923420692
"1456",73,"20",0,0,0,71.3608,-79.6373,4144.52017557031
"1457",74,"20",0,0,0,71.3218,-80.195,4889.87523012655
"1458",75,"20",0,1,1,71.3616,-79.6362,4028.21909672036
"1459",80,"20",1,0,1,71.4476,-79.5701,1061.47947937085
"1460",81,"20",1,0,1,71.399,-79.5737,1061.47947937085
"1461",82,"20",1,0,1,71.3327,-79.5619,1879.77164348743
"1462",83,"20",0,0,0,71.3286,-79.5424,3774.20136737846
"1463",84,"20",0,0,0,71.4457,-79.5258,3749.49413349362
"1464",85,"20",0,1,1,71.4441,-79.5157,2756.46466881989
"1465",86,"20",1,0,1,71.3444,-79.4464,1054.18101229387
"1466",88,"20",0,0,0,71.3374,-79.44,728.811350794471
"1467",91,"20",0,0,0,71.3333,-79.3849,2168.28914194321
"1468",94,"20",1,0,1,71.3696,-79.3786,1351.37009398018
"1469",95,"20",0,1,1,71.2227,-79.3808,790.969672407767
"1470",98,"20",1,0,1,71.214,-79.3739,790.969672407767
"1471",99,"20",0,0,0,71.2144,-79.3719,1008.3217401319
"1472",100,"20",1,0,1,71.3304,-79.3486,2137.55670512309
"1473",101,"20",0,0,0,71.1373,-79.3612,2807.8588144417
"1474",102,"20",0,0,0,71.13,-79.3554,3419.29890847549
"1475",104,"20",0,0,0,71.3235,-79.3264,2500.01714535935
"1476",107,"20",1,0,1,71.3291,-79.2855,1387.13864094566
"1477",108,"20",0,0,0,71.3161,-79.2763,1062.12588885972
"1478",109,"20",0,1,1,71.325,-79.2731,1387.13864094566
"1479",114,"20",0,0,0,71.3097,-79.1953,700.497283807434
"1480",115,"20",0,1,1,71.3087,-79.1925,450.772180870786
"1481",117,"20",0,0,0,71.3017,-79.1906,257.869531780918
"1482",119,"20",0,1,1,71.2918,-79.19,450.772180870786
"1483",122,"20",1,0,1,71.2881,-79.1717,2044.7436752325
"1484",124,"20",0,0,0,71.2833,-79.1592,3443.56679792558
"1485",127,"20",0,0,0,71.2766,-79.1223,1720.481094016
"1486",128,"20",1,0,1,71.2738,-79.1069,1083.39634340423
"1487",129,"20",0,0,0,71.2723,-79.0988,1924.7612368577
"1488",135,"20",0,1,1,71.2271,-79.0682,2487.32157426061
"1489",138,"20",0,1,1,71.2597,-79.0468,2487.32157426061
"1490",139,"20",0,0,0,71.2376,-79.0316,1760.81581460906
"1491",141,"20",1,0,1,71.2547,-79.0186,3150.40976390121
"1492",143,"20",0,0,0,71.2552,-79.0151,3540.69516911094
"1493",145,"20",0,0,0,71.2432,-78.9911,6228.97105469367
"1494",148,"20",0,1,1,71.2451,-78.9201,5384.87090270953
"1495",150,"20",0,0,0,71.2444,-78.9136,4660.13609711378
"1496",160,"20",0,0,0,71.2483,-78.8876,3383.25208046718
"1497",164,"20",0,0,0,71.227,-78.8723,1727.30647507103
"1498",165,"20",1,0,1,71.2268,-78.872,1695.9318366679
"1499",173,"20",0,0,0,71.2203,-78.8383,3765.28117302182
"1500",338,"20",0,0,0,71.2181,-79.7897,1620.13651848352
"1501",339,"20",0,0,0,71.3612,-79.645,3545.27354837062
"1502",355,"20",0,0,0,71.4038,-80.1698,2066.87104788038
"1503",356,"20",0,0,0,71.4708,-80.2779,3079.18085979714
"1504",357,"20",1,0,1,71.8392,-80.84,905.49612980629
"1505",359,"20",0,1,1,71.4306,-80.0472,5788.16205182675
"1506",360,"20",0,0,0,71.7598,-80.4008,2685.81454122902
"1507",374,"20",0,0,0,71.5142,-80.3067,3643.05299478777
"1508",375,"20",0,0,0,71.4607,-80.1918,4579.47295126997
"1509",376,"20",0,0,0,71.5028,-80.1798,3736.00990255862
"1510",377,"20",0,0,0,71.3801,-79.4524,990.844461765335
"1511",378,"20",0,0,0,71.4543,-80.2251,1883.04185187308
"1512",379,"20",0,1,1,71.4002,-80.1513,277.451922956174
"1513",380,"20",0,0,0,71.4306,-80.04,5099.3797181604
"1514",382,"20",0,1,1,71.6283,-80.2852,3472.90603494348
"1515",383,"20",1,0,1,71.654,-80.4598,2334.81100423919
"1516",384,"20",0,0,0,71.7214,-80.7419,3966.65600973158
"1517",385,"20",0,0,0,71.3612,-80.2365,1059.07499193185
"1518",386,"20",0,1,1,71.7172,-80.2554,922.628896061734
"1519",387,"20",1,0,1,71.9265,-80.7551,2263.96358614667
"1520",388,"20",1,0,1,71.9083,-80.8245,1517.54209052988
"1521",389,"20",0,1,1,71.3553,-79.3048,2222.42666292877
"1522",390,"20",0,0,0,71.8131,-80.4997,3661.11025008753
"1523",391,"20",0,1,1,71.9302,-80.8486,1778.25672872303
"1524",392,"20",0,0,0,71.9708,-80.82,2731.10924941089
"1525",393,"20",0,0,0,71.9339,-80.7304,3718.45584477015
"1526",400,"20",1,0,1,71.8065,-80.7042,1375.88017126705
"1527",401,"20",0,1,1,71.8751,-80.8619,1778.25672872303
"1528",438,"20",0,1,1,71.7809,-80.6121,9135.53121456007
"1529",442,"20",1,0,1,71.3446,-79.7615,2566.21149778769
"1530",443,"20",0,1,1,71.3538,-79.853,3786.44845129939
"1531",444,"20",0,0,0,71.381,-80.2278,1165.6143244085
"1532",445,"20",0,0,0,71.417,-80.3405,2593.14138888291
"1533",446,"20",0,0,0,71.4672,-80.2813,3067.74027267296
"1534",447,"20",1,0,1,71.3688,-80.1314,2301.74621443679
"1535",448,"20",1,0,1,71.5149,-80.3461,1123.8397659037
"1536",449,"20",0,1,1,71.5976,-80.3842,1384.21671532352
"1537",450,"20",0,0,0,71.8069,-80.709,1773.86028406471
"1538",451,"20",0,0,0,71.8227,-80.8751,3520.25277281563
"1539",452,"20",0,1,1,71.8524,-81.0287,8826.20422503795
"1540",453,"20",0,0,0,71.2724,-79.0907,2688.82293480439
"1541",454,"20",0,1,1,71.6801,-80.2282,2201.79696630892
"1542",455,"20",0,1,1,71.7833,-80.2546,1252.73594851924
"1543",460,"20",0,0,0,71.4334,-80.0222,3649.48509412513
"1544",461,"20",0,0,0,71.44,-79.928,4248.47932088218
"1545",462,"20",0,0,0,71.4489,-79.8944,1256.2518595084
"1546",463,"20",0,1,1,71.4125,-79.8853,59.2844113831813
"1547",464,"20",1,0,1,71.4097,-79.8855,59.2844113831813
"1548",465,"20",1,0,1,71.4478,-79.7967,1317.51079405234
"1549",466,"20",0,1,1,71.4669,-79.8101,242.866341044659
"1550",467,"20",0,0,0,71.4634,-79.7131,1324.06153666411
"1551",468,"20",0,1,1,71.3662,-79.4955,2756.46466881989
"1552",469,"20",0,0,0,71.446,-79.5481,2763.43903709606
"1553",470,"20",1,0,1,71.4396,-79.4363,2035.33600439343
"1554",472,"20",0,1,1,71.3823,-79.4528,1054.18101229387
"1555",473,"20",0,0,0,71.382,-79.4493,834.395810004556
"1556",474,"20",1,0,1,71.4332,-79.2549,3032.59676833158
"1557",475,"20",1,0,1,71.7343,-80.313,3689.9073634931
"1558",476,"20",1,0,1,71.3004,-79.1152,1083.39634340423
"1559",477,"20",0,1,1,71.46,-79.8083,242.866341044659
"1560",478,"20",1,0,1,71.31,-79.2273,3885.66877054292
"1561",480,"20",0,0,0,71.4599,-80.0933,5178.38080523979
"1562",481,"20",0,0,0,71.7383,-80.3351,3460.27636730391
"1563",482,"20",0,0,0,71.843,-80.8613,2099.27907522029
"1564",483,"20",0,0,0,71.5163,-80.3323,1541.161581124
"1565",484,"20",0,1,1,71.6534,-80.4201,2240.47715025711
"1566",485,"20",0,1,1,71.3413,-79.4336,1430.60534789908
"1567",486,"20",0,0,0,71.8225,-81.1747,16311.5575128211
"1568",487,"20",1,0,1,71.2466,-78.8573,1695.9318366679
"1569",488,"20",0,0,0,71.3583,-79.7789,2662.84983078471
"1570",489,"20",1,0,1,71.7139,-80.6963,1889.78261783914
"1571",490,"20",1,0,1,71.386,-80.228,1131.75261247874
"1572",491,"20",1,0,1,71.8052,-81.1074,8826.20422503795
"1573",492,"20",0,1,1,71.4551,-79.6043,3599.41109454029
"1574",493,"20",0,0,0,71.3259,-79.5365,3339.54067986137
"1575",494,"20",0,1,1,71.367067,-79.366506,1351.37009398018
