"","SiteID","year","Lat","Long","pefa","rlha"
"1",2,"12",71.8531,-80.9321,0,0
"2",2,"13",71.8531,-80.9321,1,0
"3",2,"14",71.8531,-80.9321,1,0
"4",2,"15",71.8531,-80.9321,0,0
"5",2,"16",71.8531,-80.9321,1,0
"6",2,"17",71.8531,-80.9321,1,0
"7",2,"18",71.8531,-80.9321,1,0
"8",2,"19",71.8531,-80.9321,1,0
"9",2,"20",71.8531,-80.9321,0,1
"10",3,"12",71.8544,-80.9028,0,1
"11",3,"13",71.8544,-80.9028,0,0
"12",3,"14",71.8544,-80.9028,0,1
"13",3,"15",71.8544,-80.9028,0,1
"14",3,"16",71.8544,-80.9028,0,0
"15",3,"17",71.8544,-80.9028,0,0
"16",3,"18",71.8544,-80.9028,0,0
"17",3,"19",71.8544,-80.9028,0,1
"18",3,"20",71.8544,-80.9028,0,0
"19",5,"12",71.8412,-80.8536,-Inf,-Inf
"20",5,"13",71.8412,-80.8536,-Inf,-Inf
"21",5,"14",71.8412,-80.8536,-Inf,-Inf
"22",5,"15",71.8412,-80.8536,-Inf,-Inf
"23",5,"16",71.8412,-80.8536,-Inf,-Inf
"24",5,"17",71.8412,-80.8536,-Inf,-Inf
"25",5,"18",71.8412,-80.8536,-Inf,-Inf
"26",5,"19",71.8412,-80.8536,-Inf,-Inf
"27",5,"20",71.8412,-80.8536,0,0
"28",6,"12",71.8368,-80.8319,0,1
"29",6,"13",71.8368,-80.8319,0,0
"30",6,"14",71.8368,-80.8319,1,0
"31",6,"15",71.8368,-80.8319,0,1
"32",6,"16",71.8368,-80.8319,1,0
"33",6,"17",71.8368,-80.8319,0,0
"34",6,"18",71.8368,-80.8319,1,0
"35",6,"19",71.8368,-80.8319,0,0
"36",6,"20",71.8368,-80.8319,0,1
"37",7,"12",71.8033,-80.7595,1,0
"38",7,"13",71.8033,-80.7595,-Inf,-Inf
"39",7,"14",71.8033,-80.7595,1,0
"40",7,"15",71.8033,-80.7595,0,0
"41",7,"16",71.8033,-80.7595,0,0
"42",7,"17",71.8033,-80.7595,0,0
"43",7,"18",71.8033,-80.7595,0,0
"44",7,"19",71.8033,-80.7595,0,0
"45",7,"20",71.8033,-80.7595,0,1
"46",8,"12",71.8702,-80.7133,0,0
"47",8,"13",71.8702,-80.7133,-Inf,-Inf
"48",8,"14",71.8702,-80.7133,0,0
"49",8,"15",71.8702,-80.7133,1,0
"50",8,"16",71.8702,-80.7133,1,0
"51",8,"17",71.8702,-80.7133,1,0
"52",8,"18",71.8702,-80.7133,0,0
"53",8,"19",71.8702,-80.7133,0,0
"54",8,"20",71.8702,-80.7133,0,0
"55",9,"12",71.8701,-80.7112,1,0
"56",9,"13",71.8701,-80.7112,-Inf,-Inf
"57",9,"14",71.8701,-80.7112,1,0
"58",9,"15",71.8701,-80.7112,0,0
"59",9,"16",71.8701,-80.7112,0,0
"60",9,"17",71.8701,-80.7112,0,0
"61",9,"18",71.8701,-80.7112,1,0
"62",9,"19",71.8701,-80.7112,1,0
"63",9,"20",71.8701,-80.7112,0,0
"64",10,"12",71.8634,-80.696,0,1
"65",10,"13",71.8634,-80.696,-Inf,-Inf
"66",10,"14",71.8634,-80.696,0,1
"67",10,"15",71.8634,-80.696,0,1
"68",10,"16",71.8634,-80.696,0,0
"69",10,"17",71.8634,-80.696,0,1
"70",10,"18",71.8634,-80.696,0,1
"71",10,"19",71.8634,-80.696,0,1
"72",10,"20",71.8634,-80.696,0,1
"73",14,"12",71.7708,-80.5799,0,1
"74",14,"13",71.7708,-80.5799,1,0
"75",14,"14",71.7708,-80.5799,1,0
"76",14,"15",71.7708,-80.5799,0,1
"77",14,"16",71.7708,-80.5799,0,0
"78",14,"17",71.7708,-80.5799,0,0
"79",14,"18",71.7708,-80.5799,0,0
"80",14,"19",71.7708,-80.5799,1,0
"81",14,"20",71.7708,-80.5799,0,0
"82",15,"12",71.7449,-80.5305,1,0
"83",15,"13",71.7449,-80.5305,1,0
"84",15,"14",71.7449,-80.5305,1,0
"85",15,"15",71.7449,-80.5305,1,0
"86",15,"16",71.7449,-80.5305,1,0
"87",15,"17",71.7449,-80.5305,1,0
"88",15,"18",71.7449,-80.5305,0,0
"89",15,"19",71.7449,-80.5305,0,0
"90",15,"20",71.7449,-80.5305,1,0
"91",16,"12",71.8196,-80.5177,0,1
"92",16,"13",71.8196,-80.5177,-Inf,-Inf
"93",16,"14",71.8196,-80.5177,0,0
"94",16,"15",71.8196,-80.5177,0,0
"95",16,"16",71.8196,-80.5177,0,0
"96",16,"17",71.8196,-80.5177,0,0
"97",16,"18",71.8196,-80.5177,0,0
"98",16,"19",71.8196,-80.5177,0,0
"99",16,"20",71.8196,-80.5177,0,0
"100",17,"12",71.8139,-80.5009,0,0
"101",17,"13",71.8139,-80.5009,-Inf,-Inf
"102",17,"14",71.8139,-80.5009,0,1
"103",17,"15",71.8139,-80.5009,1,0
"104",17,"16",71.8139,-80.5009,0,0
"105",17,"17",71.8139,-80.5009,1,0
"106",17,"18",71.8139,-80.5009,1,0
"107",17,"19",71.8139,-80.5009,0,0
"108",17,"20",71.8139,-80.5009,1,0
"109",18,"12",71.7948,-80.4523,0,1
"110",18,"13",71.7948,-80.4523,-Inf,-Inf
"111",18,"14",71.7948,-80.4523,0,1
"112",18,"15",71.7948,-80.4523,1,0
"113",18,"16",71.7948,-80.4523,1,0
"114",18,"17",71.7948,-80.4523,0,0
"115",18,"18",71.7948,-80.4523,0,0
"116",18,"19",71.7948,-80.4523,0,0
"117",18,"20",71.7948,-80.4523,0,0
"118",19,"12",71.779,-80.4441,0,1
"119",19,"13",71.779,-80.4441,-Inf,-Inf
"120",19,"14",71.779,-80.4441,1,0
"121",19,"15",71.779,-80.4441,1,0
"122",19,"16",71.779,-80.4441,0,0
"123",19,"17",71.779,-80.4441,1,0
"124",19,"18",71.779,-80.4441,0,0
"125",19,"19",71.779,-80.4441,1,0
"126",19,"20",71.779,-80.4441,0,1
"127",20,"12",71.6842,-80.4395,1,0
"128",20,"13",71.6842,-80.4395,1,0
"129",20,"14",71.6842,-80.4395,1,0
"130",20,"15",71.6842,-80.4395,1,0
"131",20,"16",71.6842,-80.4395,1,0
"132",20,"17",71.6842,-80.4395,1,0
"133",20,"18",71.6842,-80.4395,1,0
"134",20,"19",71.6842,-80.4395,1,0
"135",20,"20",71.6842,-80.4395,1,0
"136",21,"12",71.7585,-80.3982,0,1
"137",21,"13",71.7585,-80.3982,-Inf,-Inf
"138",21,"14",71.7585,-80.3982,0,0
"139",21,"15",71.7585,-80.3982,0,0
"140",21,"16",71.7585,-80.3982,0,0
"141",21,"17",71.7585,-80.3982,0,0
"142",21,"18",71.7585,-80.3982,0,1
"143",21,"19",71.7585,-80.3982,0,0
"144",21,"20",71.7585,-80.3982,0,1
"145",22,"12",71.6184,-80.3961,1,0
"146",22,"13",71.6184,-80.3961,1,0
"147",22,"14",71.6184,-80.3961,1,0
"148",22,"15",71.6184,-80.3961,1,0
"149",22,"16",71.6184,-80.3961,1,0
"150",22,"17",71.6184,-80.3961,1,0
"151",22,"18",71.6184,-80.3961,1,0
"152",22,"19",71.6184,-80.3961,1,0
"153",22,"20",71.6184,-80.3961,1,0
"154",23,"12",71.7359,-80.3569,-Inf,-Inf
"155",23,"13",71.7359,-80.3569,-Inf,-Inf
"156",23,"14",71.7359,-80.3569,-Inf,-Inf
"157",23,"15",71.7359,-80.3569,-Inf,-Inf
"158",23,"16",71.7359,-80.3569,-Inf,-Inf
"159",23,"17",71.7359,-80.3569,-Inf,-Inf
"160",23,"18",71.7359,-80.3569,-Inf,-Inf
"161",23,"19",71.7359,-80.3569,-Inf,-Inf
"162",23,"20",71.7359,-80.3569,0,0
"163",24,"12",71.5549,-80.3386,1,0
"164",24,"13",71.5549,-80.3386,1,0
"165",24,"14",71.5549,-80.3386,1,0
"166",24,"15",71.5549,-80.3386,1,0
"167",24,"16",71.5549,-80.3386,1,0
"168",24,"17",71.5549,-80.3386,1,0
"169",24,"18",71.5549,-80.3386,1,0
"170",24,"19",71.5549,-80.3386,1,0
"171",24,"20",71.5549,-80.3386,1,0
"172",25,"12",71.7369,-80.3271,0,1
"173",25,"13",71.7369,-80.3271,-Inf,-Inf
"174",25,"14",71.7369,-80.3271,1,0
"175",25,"15",71.7369,-80.3271,0,0
"176",25,"16",71.7369,-80.3271,0,0
"177",25,"17",71.7369,-80.3271,0,0
"178",25,"18",71.7369,-80.3271,1,0
"179",25,"19",71.7369,-80.3271,0,0
"180",25,"20",71.7369,-80.3271,0,0
"181",26,"12",71.5088,-80.3042,0,1
"182",26,"13",71.5088,-80.3042,0,0
"183",26,"14",71.5088,-80.3042,0,0
"184",26,"15",71.5088,-80.3042,0,0
"185",26,"16",71.5088,-80.3042,0,0
"186",26,"17",71.5088,-80.3042,0,0
"187",26,"18",71.5088,-80.3042,0,0
"188",26,"19",71.5088,-80.3042,1,0
"189",26,"20",71.5088,-80.3042,0,0
"190",27,"12",71.7226,-80.2873,0,0
"191",27,"13",71.7226,-80.2873,-Inf,-Inf
"192",27,"14",71.7226,-80.2873,0,0
"193",27,"15",71.7226,-80.2873,0,0
"194",27,"16",71.7226,-80.2873,0,0
"195",27,"17",71.7226,-80.2873,0,0
"196",27,"18",71.7226,-80.2873,0,0
"197",27,"19",71.7226,-80.2873,0,0
"198",27,"20",71.7226,-80.2873,0,0
"199",28,"12",71.4765,-80.2676,0,1
"200",28,"13",71.4765,-80.2676,1,0
"201",28,"14",71.4765,-80.2676,1,0
"202",28,"15",71.4765,-80.2676,1,0
"203",28,"16",71.4765,-80.2676,1,0
"204",28,"17",71.4765,-80.2676,1,0
"205",28,"18",71.4765,-80.2676,1,0
"206",28,"19",71.4765,-80.2676,0,0
"207",28,"20",71.4765,-80.2676,1,0
"208",30,"12",71.7112,-80.2472,0,1
"209",30,"13",71.7112,-80.2472,-Inf,-Inf
"210",30,"14",71.7112,-80.2472,0,0
"211",30,"15",71.7112,-80.2472,0,0
"212",30,"16",71.7112,-80.2472,0,0
"213",30,"17",71.7112,-80.2472,0,0
"214",30,"18",71.7112,-80.2472,0,0
"215",30,"19",71.7112,-80.2472,0,0
"216",30,"20",71.7112,-80.2472,1,0
"217",32,"12",71.391,-80.2381,-Inf,-Inf
"218",32,"13",71.391,-80.2381,-Inf,-Inf
"219",32,"14",71.391,-80.2381,-Inf,-Inf
"220",32,"15",71.391,-80.2381,-Inf,-Inf
"221",32,"16",71.391,-80.2381,-Inf,-Inf
"222",32,"17",71.391,-80.2381,-Inf,-Inf
"223",32,"18",71.391,-80.2381,-Inf,-Inf
"224",32,"19",71.391,-80.2381,-Inf,-Inf
"225",32,"20",71.391,-80.2381,0,1
"226",33,"12",71.4522,-80.2294,1,0
"227",33,"13",71.4522,-80.2294,1,0
"228",33,"14",71.4522,-80.2294,1,0
"229",33,"15",71.4522,-80.2294,1,0
"230",33,"16",71.4522,-80.2294,1,0
"231",33,"17",71.4522,-80.2294,1,0
"232",33,"18",71.4522,-80.2294,1,0
"233",33,"19",71.4522,-80.2294,1,0
"234",33,"20",71.4522,-80.2294,0,0
"235",34,"12",71.7048,-80.2042,0,0
"236",34,"13",71.7048,-80.2042,-Inf,-Inf
"237",34,"14",71.7048,-80.2042,0,1
"238",34,"15",71.7048,-80.2042,1,0
"239",34,"16",71.7048,-80.2042,1,0
"240",34,"17",71.7048,-80.2042,1,0
"241",34,"18",71.7048,-80.2042,0,0
"242",34,"19",71.7048,-80.2042,0,0
"243",34,"20",71.7048,-80.2042,0,0
"244",35,"12",71.7038,-80.1955,0,0
"245",35,"13",71.7038,-80.1955,-Inf,-Inf
"246",35,"14",71.7038,-80.1955,1,0
"247",35,"15",71.7038,-80.1955,0,0
"248",35,"16",71.7038,-80.1955,0,0
"249",35,"17",71.7038,-80.1955,0,0
"250",35,"18",71.7038,-80.1955,0,0
"251",35,"19",71.7038,-80.1955,0,0
"252",35,"20",71.7038,-80.1955,0,0
"253",40,"12",71.3882,-80.1527,1,0
"254",40,"13",71.3882,-80.1527,1,0
"255",40,"14",71.3882,-80.1527,1,0
"256",40,"15",71.3882,-80.1527,1,0
"257",40,"16",71.3882,-80.1527,1,0
"258",40,"17",71.3882,-80.1527,1,0
"259",40,"18",71.3882,-80.1527,0,0
"260",40,"19",71.3882,-80.1527,0,0
"261",40,"20",71.3882,-80.1527,1,0
"262",41,"12",71.3875,-80.1483,0,0
"263",41,"13",71.3875,-80.1483,0,0
"264",41,"14",71.3875,-80.1483,0,0
"265",41,"15",71.3875,-80.1483,0,1
"266",41,"16",71.3875,-80.1483,0,0
"267",41,"17",71.3875,-80.1483,0,0
"268",41,"18",71.3875,-80.1483,0,0
"269",41,"19",71.3875,-80.1483,0,0
"270",41,"20",71.3875,-80.1483,0,0
"271",43,"12",71.2862,-80.0018,1,0
"272",43,"13",71.2862,-80.0018,0,0
"273",43,"14",71.2862,-80.0018,0,0
"274",43,"15",71.2862,-80.0018,0,0
"275",43,"16",71.2862,-80.0018,0,0
"276",43,"17",71.2862,-80.0018,0,0
"277",43,"18",71.2862,-80.0018,0,0
"278",43,"19",71.2862,-80.0018,0,0
"279",43,"20",71.2862,-80.0018,0,1
"280",46,"12",71.3825,-79.9647,0,1
"281",46,"13",71.3825,-79.9647,0,0
"282",46,"14",71.3825,-79.9647,0,0
"283",46,"15",71.3825,-79.9647,0,1
"284",46,"16",71.3825,-79.9647,0,1
"285",46,"17",71.3825,-79.9647,0,0
"286",46,"18",71.3825,-79.9647,1,0
"287",46,"19",71.3825,-79.9647,0,0
"288",46,"20",71.3825,-79.9647,0,1
"289",48,"12",71.2978,-79.9221,0,1
"290",48,"13",71.2978,-79.9221,0,0
"291",48,"14",71.2978,-79.9221,0,0
"292",48,"15",71.2978,-79.9221,0,0
"293",48,"16",71.2978,-79.9221,0,0
"294",48,"17",71.2978,-79.9221,0,0
"295",48,"18",71.2978,-79.9221,0,0
"296",48,"19",71.2978,-79.9221,0,0
"297",48,"20",71.2978,-79.9221,0,0
"298",49,"12",71.2964,-79.9196,1,0
"299",49,"13",71.2964,-79.9196,1,0
"300",49,"14",71.2964,-79.9196,1,0
"301",49,"15",71.2964,-79.9196,1,0
"302",49,"16",71.2964,-79.9196,1,0
"303",49,"17",71.2964,-79.9196,1,0
"304",49,"18",71.2964,-79.9196,0,0
"305",49,"19",71.2964,-79.9196,0,0
"306",49,"20",71.2964,-79.9196,0,0
"307",50,"12",71.458,-79.8961,0,1
"308",50,"13",71.458,-79.8961,0,0
"309",50,"14",71.458,-79.8961,1,0
"310",50,"15",71.458,-79.8961,1,0
"311",50,"16",71.458,-79.8961,0,0
"312",50,"17",71.458,-79.8961,1,0
"313",50,"18",71.458,-79.8961,0,0
"314",50,"19",71.458,-79.8961,0,0
"315",50,"20",71.458,-79.8961,0,0
"316",51,"12",71.2947,-79.9039,0,1
"317",51,"13",71.2947,-79.9039,0,0
"318",51,"14",71.2947,-79.9039,0,0
"319",51,"15",71.2947,-79.9039,0,1
"320",51,"16",71.2947,-79.9039,0,0
"321",51,"17",71.2947,-79.9039,0,0
"322",51,"18",71.2947,-79.9039,0,0
"323",51,"19",71.2947,-79.9039,0,0
"324",51,"20",71.2947,-79.9039,0,1
"325",52,"12",71.4389,-79.8944,-Inf,-Inf
"326",52,"13",71.4389,-79.8944,-Inf,-Inf
"327",52,"14",71.4389,-79.8944,-Inf,-Inf
"328",52,"15",71.4389,-79.8944,-Inf,-Inf
"329",52,"16",71.4389,-79.8944,-Inf,-Inf
"330",52,"17",71.4389,-79.8944,-Inf,-Inf
"331",52,"18",71.4389,-79.8944,-Inf,-Inf
"332",52,"19",71.4389,-79.8944,-Inf,-Inf
"333",52,"20",71.4389,-79.8944,0,0
"334",53,"12",71.415,-79.8918,-Inf,-Inf
"335",53,"13",71.415,-79.8918,1,0
"336",53,"14",71.415,-79.8918,1,0
"337",53,"15",71.415,-79.8918,0,0
"338",53,"16",71.415,-79.8918,0,0
"339",53,"17",71.415,-79.8918,0,0
"340",53,"18",71.415,-79.8918,0,0
"341",53,"19",71.415,-79.8918,0,0
"342",53,"20",71.415,-79.8918,0,0
"343",54,"12",71.3492,-79.8631,0,1
"344",54,"13",71.3492,-79.8631,0,0
"345",54,"14",71.3492,-79.8631,0,1
"346",54,"15",71.3492,-79.8631,0,0
"347",54,"16",71.3492,-79.8631,0,0
"348",54,"17",71.3492,-79.8631,0,0
"349",54,"18",71.3492,-79.8631,0,1
"350",54,"19",71.3492,-79.8631,0,0
"351",54,"20",71.3492,-79.8631,0,0
"352",55,"12",71.3436,-79.8538,1,0
"353",55,"13",71.3436,-79.8538,1,0
"354",55,"14",71.3436,-79.8538,1,0
"355",55,"15",71.3436,-79.8538,1,0
"356",55,"16",71.3436,-79.8538,1,0
"357",55,"17",71.3436,-79.8538,0,0
"358",55,"18",71.3436,-79.8538,1,0
"359",55,"19",71.3436,-79.8538,1,0
"360",55,"20",71.3436,-79.8538,0,0
"361",56,"12",71.2211,-79.8042,0,0
"362",56,"13",71.2211,-79.8042,0,0
"363",56,"14",71.2211,-79.8042,0,0
"364",56,"15",71.2211,-79.8042,0,0
"365",56,"16",71.2211,-79.8042,-Inf,-Inf
"366",56,"17",71.2211,-79.8042,0,0
"367",56,"18",71.2211,-79.8042,0,1
"368",56,"19",71.2211,-79.8042,0,0
"369",56,"20",71.2211,-79.8042,0,1
"370",57,"12",71.2207,-79.7977,0,0
"371",57,"13",71.2207,-79.7977,0,0
"372",57,"14",71.2207,-79.7977,0,0
"373",57,"15",71.2207,-79.7977,0,1
"374",57,"16",71.2207,-79.7977,-Inf,-Inf
"375",57,"17",71.2207,-79.7977,0,0
"376",57,"18",71.2207,-79.7977,-Inf,-Inf
"377",57,"19",71.2207,-79.7977,0,0
"378",57,"20",71.2207,-79.7977,0,0
"379",58,"12",71.2447,-79.8005,0,1
"380",58,"13",71.2447,-79.8005,0,0
"381",58,"14",71.2447,-79.8005,0,0
"382",58,"15",71.2447,-79.8005,0,0
"383",58,"16",71.2447,-79.8005,-Inf,-Inf
"384",58,"17",71.2447,-79.8005,0,0
"385",58,"18",71.2447,-79.8005,0,0
"386",58,"19",71.2447,-79.8005,0,0
"387",58,"20",71.2447,-79.8005,0,0
"388",59,"12",71.219,-79.7919,1,0
"389",59,"13",71.219,-79.7919,1,0
"390",59,"14",71.219,-79.7919,1,0
"391",59,"15",71.219,-79.7919,1,0
"392",59,"16",71.219,-79.7919,-Inf,-Inf
"393",59,"17",71.219,-79.7919,1,0
"394",59,"18",71.219,-79.7919,1,0
"395",59,"19",71.219,-79.7919,1,0
"396",59,"20",71.219,-79.7919,1,0
"397",61,"12",71.3562,-79.7641,0,0
"398",61,"13",71.3562,-79.7641,0,0
"399",61,"14",71.3562,-79.7641,0,1
"400",61,"15",71.3562,-79.7641,0,1
"401",61,"16",71.3562,-79.7641,0,0
"402",61,"17",71.3562,-79.7641,1,0
"403",61,"18",71.3562,-79.7641,0,0
"404",61,"19",71.3562,-79.7641,0,0
"405",61,"20",71.3562,-79.7641,0,0
"406",62,"12",71.4698,-79.7558,0,1
"407",62,"13",71.4698,-79.7558,0,0
"408",62,"14",71.4698,-79.7558,1,0
"409",62,"15",71.4698,-79.7558,0,0
"410",62,"16",71.4698,-79.7558,1,0
"411",62,"17",71.4698,-79.7558,1,0
"412",62,"18",71.4698,-79.7558,0,0
"413",62,"19",71.4698,-79.7558,0,0
"414",62,"20",71.4698,-79.7558,1,0
"415",63,"12",71.4707,-79.7455,1,0
"416",63,"13",71.4707,-79.7455,0,0
"417",63,"14",71.4707,-79.7455,0,0
"418",63,"15",71.4707,-79.7455,0,0
"419",63,"16",71.4707,-79.7455,0,0
"420",63,"17",71.4707,-79.7455,0,0
"421",63,"18",71.4707,-79.7455,1,0
"422",63,"19",71.4707,-79.7455,1,0
"423",63,"20",71.4707,-79.7455,0,0
"424",64,"12",71.3982,-79.7033,0,1
"425",64,"13",71.3982,-79.7033,0,0
"426",64,"14",71.3982,-79.7033,0,0
"427",64,"15",71.3982,-79.7033,0,0
"428",64,"16",71.3982,-79.7033,0,1
"429",64,"17",71.3982,-79.7033,0,0
"430",64,"18",71.3982,-79.7033,0,0
"431",64,"19",71.3982,-79.7033,0,0
"432",64,"20",71.3982,-79.7033,0,0
"433",65,"12",71.4564,-79.7205,0,0
"434",65,"13",71.4564,-79.7205,0,0
"435",65,"14",71.4564,-79.7205,0,1
"436",65,"15",71.4564,-79.7205,0,0
"437",65,"16",71.4564,-79.7205,0,0
"438",65,"17",71.4564,-79.7205,0,0
"439",65,"18",71.4564,-79.7205,0,0
"440",65,"19",71.4564,-79.7205,0,0
"441",65,"20",71.4564,-79.7205,0,1
"442",66,"12",71.3441,-79.7168,0,0
"443",66,"13",71.3441,-79.7168,0,0
"444",66,"14",71.3441,-79.7168,0,1
"445",66,"15",71.3441,-79.7168,0,0
"446",66,"16",71.3441,-79.7168,0,1
"447",66,"17",71.3441,-79.7168,0,0
"448",66,"18",71.3441,-79.7168,0,0
"449",66,"19",71.3441,-79.7168,0,0
"450",66,"20",71.3441,-79.7168,0,1
"451",68,"12",71.3776,-79.7084,1,0
"452",68,"13",71.3776,-79.7084,1,0
"453",68,"14",71.3776,-79.7084,1,0
"454",68,"15",71.3776,-79.7084,1,0
"455",68,"16",71.3776,-79.7084,1,0
"456",68,"17",71.3776,-79.7084,1,0
"457",68,"18",71.3776,-79.7084,1,0
"458",68,"19",71.3776,-79.7084,0,0
"459",68,"20",71.3776,-79.7084,0,0
"460",69,"12",71.4111,-79.7058,0,0
"461",69,"13",71.4111,-79.7058,1,0
"462",69,"14",71.4111,-79.7058,1,0
"463",69,"15",71.4111,-79.7058,1,0
"464",69,"16",71.4111,-79.7058,1,0
"465",69,"17",71.4111,-79.7058,1,0
"466",69,"18",71.4111,-79.7058,1,0
"467",69,"19",71.4111,-79.7058,1,0
"468",69,"20",71.4111,-79.7058,0,1
"469",70,"12",71.4658,-79.6706,0,1
"470",70,"13",71.4658,-79.6706,1,0
"471",70,"14",71.4658,-79.6706,0,0
"472",70,"15",71.4658,-79.6706,0,1
"473",70,"16",71.4658,-79.6706,-Inf,-Inf
"474",70,"17",71.4658,-79.6706,0,0
"475",70,"18",71.4658,-79.6706,0,1
"476",70,"19",71.4658,-79.6706,0,0
"477",70,"20",71.4658,-79.6706,0,1
"478",71,"12",71.1756,-79.6665,1,0
"479",71,"13",71.1756,-79.6665,1,0
"480",71,"14",71.1756,-79.6665,1,0
"481",71,"15",71.1756,-79.6665,1,0
"482",71,"16",71.1756,-79.6665,1,0
"483",71,"17",71.1756,-79.6665,1,0
"484",71,"18",71.1756,-79.6665,1,0
"485",71,"19",71.1756,-79.6665,1,0
"486",71,"20",71.1756,-79.6665,1,0
"487",72,"12",71.1779,-79.666,0,1
"488",72,"13",71.1779,-79.666,0,0
"489",72,"14",71.1779,-79.666,0,0
"490",72,"15",71.1779,-79.666,0,1
"491",72,"16",71.1779,-79.666,0,1
"492",72,"17",71.1779,-79.666,0,0
"493",72,"18",71.1779,-79.666,0,0
"494",72,"19",71.1779,-79.666,0,1
"495",72,"20",71.1779,-79.666,0,1
"496",73,"12",71.3608,-79.6373,-Inf,-Inf
"497",73,"13",71.3608,-79.6373,-Inf,-Inf
"498",73,"14",71.3608,-79.6373,-Inf,-Inf
"499",73,"15",71.3608,-79.6373,-Inf,-Inf
"500",73,"16",71.3608,-79.6373,-Inf,-Inf
"501",73,"17",71.3608,-79.6373,-Inf,-Inf
"502",73,"18",71.3608,-79.6373,-Inf,-Inf
"503",73,"19",71.3608,-79.6373,-Inf,-Inf
"504",73,"20",71.3608,-79.6373,0,0
"505",74,"12",71.3218,-80.195,-Inf,-Inf
"506",74,"13",71.3218,-80.195,-Inf,-Inf
"507",74,"14",71.3218,-80.195,-Inf,-Inf
"508",74,"15",71.3218,-80.195,0,0
"509",74,"16",71.3218,-80.195,1,0
"510",74,"17",71.3218,-80.195,1,0
"511",74,"18",71.3218,-80.195,1,0
"512",74,"19",71.3218,-80.195,0,0
"513",74,"20",71.3218,-80.195,0,0
"514",75,"12",71.3616,-79.6362,1,0
"515",75,"13",71.3616,-79.6362,1,0
"516",75,"14",71.3616,-79.6362,1,0
"517",75,"15",71.3616,-79.6362,1,0
"518",75,"16",71.3616,-79.6362,1,0
"519",75,"17",71.3616,-79.6362,1,0
"520",75,"18",71.3616,-79.6362,0,0
"521",75,"19",71.3616,-79.6362,0,0
"522",75,"20",71.3616,-79.6362,0,1
"523",80,"12",71.4476,-79.5701,0,1
"524",80,"13",71.4476,-79.5701,1,0
"525",80,"14",71.4476,-79.5701,0,1
"526",80,"15",71.4476,-79.5701,1,0
"527",80,"16",71.4476,-79.5701,1,0
"528",80,"17",71.4476,-79.5701,1,0
"529",80,"18",71.4476,-79.5701,1,0
"530",80,"19",71.4476,-79.5701,0,0
"531",80,"20",71.4476,-79.5701,1,0
"532",81,"12",71.399,-79.5737,1,0
"533",81,"13",71.399,-79.5737,1,0
"534",81,"14",71.399,-79.5737,1,0
"535",81,"15",71.399,-79.5737,1,0
"536",81,"16",71.399,-79.5737,1,0
"537",81,"17",71.399,-79.5737,0,0
"538",81,"18",71.399,-79.5737,0,0
"539",81,"19",71.399,-79.5737,1,0
"540",81,"20",71.399,-79.5737,1,0
"541",82,"12",71.3327,-79.5619,1,0
"542",82,"13",71.3327,-79.5619,0,0
"543",82,"14",71.3327,-79.5619,1,0
"544",82,"15",71.3327,-79.5619,1,0
"545",82,"16",71.3327,-79.5619,1,0
"546",82,"17",71.3327,-79.5619,1,0
"547",82,"18",71.3327,-79.5619,0,0
"548",82,"19",71.3327,-79.5619,1,0
"549",82,"20",71.3327,-79.5619,1,0
"550",83,"12",71.3286,-79.5424,0,1
"551",83,"13",71.3286,-79.5424,1,0
"552",83,"14",71.3286,-79.5424,0,1
"553",83,"15",71.3286,-79.5424,0,1
"554",83,"16",71.3286,-79.5424,0,0
"555",83,"17",71.3286,-79.5424,0,0
"556",83,"18",71.3286,-79.5424,1,0
"557",83,"19",71.3286,-79.5424,0,0
"558",83,"20",71.3286,-79.5424,0,0
"559",84,"12",71.4457,-79.5258,0,0
"560",84,"13",71.4457,-79.5258,0,0
"561",84,"14",71.4457,-79.5258,0,0
"562",84,"15",71.4457,-79.5258,0,0
"563",84,"16",71.4457,-79.5258,0,1
"564",84,"17",71.4457,-79.5258,0,0
"565",84,"18",71.4457,-79.5258,0,0
"566",84,"19",71.4457,-79.5258,0,1
"567",84,"20",71.4457,-79.5258,0,0
"568",85,"12",71.4441,-79.5157,0,1
"569",85,"13",71.4441,-79.5157,0,0
"570",85,"14",71.4441,-79.5157,0,0
"571",85,"15",71.4441,-79.5157,0,1
"572",85,"16",71.4441,-79.5157,0,0
"573",85,"17",71.4441,-79.5157,0,0
"574",85,"18",71.4441,-79.5157,1,0
"575",85,"19",71.4441,-79.5157,0,0
"576",85,"20",71.4441,-79.5157,0,1
"577",86,"12",71.3444,-79.4464,0,1
"578",86,"13",71.3444,-79.4464,0,0
"579",86,"14",71.3444,-79.4464,0,1
"580",86,"15",71.3444,-79.4464,0,1
"581",86,"16",71.3444,-79.4464,0,0
"582",86,"17",71.3444,-79.4464,0,1
"583",86,"18",71.3444,-79.4464,1,0
"584",86,"19",71.3444,-79.4464,0,0
"585",86,"20",71.3444,-79.4464,1,0
"586",88,"12",71.3374,-79.44,1,0
"587",88,"13",71.3374,-79.44,1,0
"588",88,"14",71.3374,-79.44,1,0
"589",88,"15",71.3374,-79.44,0,1
"590",88,"16",71.3374,-79.44,0,0
"591",88,"17",71.3374,-79.44,0,0
"592",88,"18",71.3374,-79.44,0,0
"593",88,"19",71.3374,-79.44,1,0
"594",88,"20",71.3374,-79.44,0,0
"595",91,"12",71.3333,-79.3849,1,0
"596",91,"13",71.3333,-79.3849,0,0
"597",91,"14",71.3333,-79.3849,0,0
"598",91,"15",71.3333,-79.3849,0,0
"599",91,"16",71.3333,-79.3849,1,0
"600",91,"17",71.3333,-79.3849,0,0
"601",91,"18",71.3333,-79.3849,0,0
"602",91,"19",71.3333,-79.3849,0,0
"603",91,"20",71.3333,-79.3849,0,0
"604",94,"12",71.3696,-79.3786,1,0
"605",94,"13",71.3696,-79.3786,0,0
"606",94,"14",71.3696,-79.3786,1,0
"607",94,"15",71.3696,-79.3786,1,0
"608",94,"16",71.3696,-79.3786,1,0
"609",94,"17",71.3696,-79.3786,1,0
"610",94,"18",71.3696,-79.3786,1,0
"611",94,"19",71.3696,-79.3786,1,0
"612",94,"20",71.3696,-79.3786,1,0
"613",95,"12",71.2227,-79.3808,0,1
"614",95,"13",71.2227,-79.3808,0,0
"615",95,"14",71.2227,-79.3808,0,0
"616",95,"15",71.2227,-79.3808,-Inf,-Inf
"617",95,"16",71.2227,-79.3808,0,0
"618",95,"17",71.2227,-79.3808,0,0
"619",95,"18",71.2227,-79.3808,0,0
"620",95,"19",71.2227,-79.3808,0,0
"621",95,"20",71.2227,-79.3808,0,1
"622",98,"12",71.214,-79.3739,1,0
"623",98,"13",71.214,-79.3739,1,0
"624",98,"14",71.214,-79.3739,0,0
"625",98,"15",71.214,-79.3739,0,0
"626",98,"16",71.214,-79.3739,0,0
"627",98,"17",71.214,-79.3739,1,0
"628",98,"18",71.214,-79.3739,1,0
"629",98,"19",71.214,-79.3739,0,0
"630",98,"20",71.214,-79.3739,1,0
"631",99,"12",71.2144,-79.3719,0,0
"632",99,"13",71.2144,-79.3719,0,0
"633",99,"14",71.2144,-79.3719,1,0
"634",99,"15",71.2144,-79.3719,1,0
"635",99,"16",71.2144,-79.3719,1,0
"636",99,"17",71.2144,-79.3719,0,0
"637",99,"18",71.2144,-79.3719,0,0
"638",99,"19",71.2144,-79.3719,1,0
"639",99,"20",71.2144,-79.3719,0,0
"640",100,"12",71.3304,-79.3486,0,0
"641",100,"13",71.3304,-79.3486,0,0
"642",100,"14",71.3304,-79.3486,1,0
"643",100,"15",71.3304,-79.3486,1,0
"644",100,"16",71.3304,-79.3486,1,0
"645",100,"17",71.3304,-79.3486,1,0
"646",100,"18",71.3304,-79.3486,1,0
"647",100,"19",71.3304,-79.3486,1,0
"648",100,"20",71.3304,-79.3486,1,0
"649",101,"12",71.1373,-79.3612,1,0
"650",101,"13",71.1373,-79.3612,1,0
"651",101,"14",71.1373,-79.3612,1,0
"652",101,"15",71.1373,-79.3612,1,0
"653",101,"16",71.1373,-79.3612,1,0
"654",101,"17",71.1373,-79.3612,1,0
"655",101,"18",71.1373,-79.3612,1,0
"656",101,"19",71.1373,-79.3612,1,0
"657",101,"20",71.1373,-79.3612,0,0
"658",102,"12",71.13,-79.3554,0,1
"659",102,"13",71.13,-79.3554,0,0
"660",102,"14",71.13,-79.3554,0,0
"661",102,"15",71.13,-79.3554,-Inf,-Inf
"662",102,"16",71.13,-79.3554,-Inf,-Inf
"663",102,"17",71.13,-79.3554,0,0
"664",102,"18",71.13,-79.3554,0,0
"665",102,"19",71.13,-79.3554,0,0
"666",102,"20",71.13,-79.3554,0,0
"667",104,"12",71.3235,-79.3264,-Inf,-Inf
"668",104,"13",71.3235,-79.3264,-Inf,-Inf
"669",104,"14",71.3235,-79.3264,-Inf,-Inf
"670",104,"15",71.3235,-79.3264,-Inf,-Inf
"671",104,"16",71.3235,-79.3264,-Inf,-Inf
"672",104,"17",71.3235,-79.3264,-Inf,-Inf
"673",104,"18",71.3235,-79.3264,-Inf,-Inf
"674",104,"19",71.3235,-79.3264,-Inf,-Inf
"675",104,"20",71.3235,-79.3264,0,0
"676",107,"12",71.3291,-79.2855,0,1
"677",107,"13",71.3291,-79.2855,0,0
"678",107,"14",71.3291,-79.2855,0,0
"679",107,"15",71.3291,-79.2855,0,0
"680",107,"16",71.3291,-79.2855,0,0
"681",107,"17",71.3291,-79.2855,0,0
"682",107,"18",71.3291,-79.2855,0,0
"683",107,"19",71.3291,-79.2855,0,0
"684",107,"20",71.3291,-79.2855,1,0
"685",108,"12",71.3161,-79.2763,0,0
"686",108,"13",71.3161,-79.2763,1,0
"687",108,"14",71.3161,-79.2763,0,0
"688",108,"15",71.3161,-79.2763,0,0
"689",108,"16",71.3161,-79.2763,0,0
"690",108,"17",71.3161,-79.2763,0,0
"691",108,"18",71.3161,-79.2763,0,0
"692",108,"19",71.3161,-79.2763,0,0
"693",108,"20",71.3161,-79.2763,0,0
"694",109,"12",71.325,-79.2731,0,0
"695",109,"13",71.325,-79.2731,0,0
"696",109,"14",71.325,-79.2731,0,0
"697",109,"15",71.325,-79.2731,0,1
"698",109,"16",71.325,-79.2731,0,0
"699",109,"17",71.325,-79.2731,0,0
"700",109,"18",71.325,-79.2731,0,0
"701",109,"19",71.325,-79.2731,0,0
"702",109,"20",71.325,-79.2731,0,1
"703",114,"12",71.3097,-79.1953,0,0
"704",114,"13",71.3097,-79.1953,0,0
"705",114,"14",71.3097,-79.1953,0,0
"706",114,"15",71.3097,-79.1953,0,0
"707",114,"16",71.3097,-79.1953,0,0
"708",114,"17",71.3097,-79.1953,0,0
"709",114,"18",71.3097,-79.1953,0,0
"710",114,"19",71.3097,-79.1953,1,0
"711",114,"20",71.3097,-79.1953,0,0
"712",115,"12",71.3087,-79.1925,0,1
"713",115,"13",71.3087,-79.1925,0,0
"714",115,"14",71.3087,-79.1925,0,0
"715",115,"15",71.3087,-79.1925,0,1
"716",115,"16",71.3087,-79.1925,0,0
"717",115,"17",71.3087,-79.1925,0,1
"718",115,"18",71.3087,-79.1925,0,0
"719",115,"19",71.3087,-79.1925,0,0
"720",115,"20",71.3087,-79.1925,0,1
"721",117,"12",71.3017,-79.1906,-Inf,-Inf
"722",117,"13",71.3017,-79.1906,-Inf,-Inf
"723",117,"14",71.3017,-79.1906,-Inf,-Inf
"724",117,"15",71.3017,-79.1906,-Inf,-Inf
"725",117,"16",71.3017,-79.1906,-Inf,-Inf
"726",117,"17",71.3017,-79.1906,-Inf,-Inf
"727",117,"18",71.3017,-79.1906,-Inf,-Inf
"728",117,"19",71.3017,-79.1906,-Inf,-Inf
"729",117,"20",71.3017,-79.1906,0,0
"730",119,"12",71.2918,-79.19,0,1
"731",119,"13",71.2918,-79.19,0,0
"732",119,"14",71.2918,-79.19,0,1
"733",119,"15",71.2918,-79.19,0,1
"734",119,"16",71.2918,-79.19,0,0
"735",119,"17",71.2918,-79.19,0,0
"736",119,"18",71.2918,-79.19,0,0
"737",119,"19",71.2918,-79.19,0,0
"738",119,"20",71.2918,-79.19,0,1
"739",122,"12",71.2881,-79.1717,1,0
"740",122,"13",71.2881,-79.1717,0,0
"741",122,"14",71.2881,-79.1717,0,0
"742",122,"15",71.2881,-79.1717,1,0
"743",122,"16",71.2881,-79.1717,1,0
"744",122,"17",71.2881,-79.1717,1,0
"745",122,"18",71.2881,-79.1717,1,0
"746",122,"19",71.2881,-79.1717,1,0
"747",122,"20",71.2881,-79.1717,1,0
"748",124,"12",71.2833,-79.1592,0,0
"749",124,"13",71.2833,-79.1592,0,0
"750",124,"14",71.2833,-79.1592,0,1
"751",124,"15",71.2833,-79.1592,0,1
"752",124,"16",71.2833,-79.1592,0,1
"753",124,"17",71.2833,-79.1592,0,0
"754",124,"18",71.2833,-79.1592,0,0
"755",124,"19",71.2833,-79.1592,0,0
"756",124,"20",71.2833,-79.1592,0,0
"757",127,"12",71.2766,-79.1223,0,1
"758",127,"13",71.2766,-79.1223,0,0
"759",127,"14",71.2766,-79.1223,0,0
"760",127,"15",71.2766,-79.1223,0,0
"761",127,"16",71.2766,-79.1223,0,0
"762",127,"17",71.2766,-79.1223,0,0
"763",127,"18",71.2766,-79.1223,0,0
"764",127,"19",71.2766,-79.1223,0,0
"765",127,"20",71.2766,-79.1223,0,0
"766",128,"12",71.2738,-79.1069,0,0
"767",128,"13",71.2738,-79.1069,0,0
"768",128,"14",71.2738,-79.1069,1,0
"769",128,"15",71.2738,-79.1069,1,0
"770",128,"16",71.2738,-79.1069,0,0
"771",128,"17",71.2738,-79.1069,1,0
"772",128,"18",71.2738,-79.1069,1,0
"773",128,"19",71.2738,-79.1069,1,0
"774",128,"20",71.2738,-79.1069,1,0
"775",129,"12",71.2723,-79.0988,0,0
"776",129,"13",71.2723,-79.0988,0,0
"777",129,"14",71.2723,-79.0988,0,1
"778",129,"15",71.2723,-79.0988,0,0
"779",129,"16",71.2723,-79.0988,0,1
"780",129,"17",71.2723,-79.0988,0,0
"781",129,"18",71.2723,-79.0988,0,0
"782",129,"19",71.2723,-79.0988,0,0
"783",129,"20",71.2723,-79.0988,0,0
"784",135,"12",71.2271,-79.0682,0,1
"785",135,"13",71.2271,-79.0682,0,0
"786",135,"14",71.2271,-79.0682,1,0
"787",135,"15",71.2271,-79.0682,0,0
"788",135,"16",71.2271,-79.0682,0,0
"789",135,"17",71.2271,-79.0682,0,0
"790",135,"18",71.2271,-79.0682,0,0
"791",135,"19",71.2271,-79.0682,0,0
"792",135,"20",71.2271,-79.0682,0,1
"793",138,"12",71.2597,-79.0468,0,1
"794",138,"13",71.2597,-79.0468,1,0
"795",138,"14",71.2597,-79.0468,0,0
"796",138,"15",71.2597,-79.0468,0,0
"797",138,"16",71.2597,-79.0468,0,0
"798",138,"17",71.2597,-79.0468,0,0
"799",138,"18",71.2597,-79.0468,0,0
"800",138,"19",71.2597,-79.0468,1,0
"801",138,"20",71.2597,-79.0468,0,1
"802",139,"12",71.2376,-79.0316,0,0
"803",139,"13",71.2376,-79.0316,0,0
"804",139,"14",71.2376,-79.0316,0,1
"805",139,"15",71.2376,-79.0316,0,1
"806",139,"16",71.2376,-79.0316,0,0
"807",139,"17",71.2376,-79.0316,0,0
"808",139,"18",71.2376,-79.0316,0,0
"809",139,"19",71.2376,-79.0316,0,0
"810",139,"20",71.2376,-79.0316,0,0
"811",141,"12",71.2547,-79.0186,1,0
"812",141,"13",71.2547,-79.0186,1,0
"813",141,"14",71.2547,-79.0186,0,0
"814",141,"15",71.2547,-79.0186,1,0
"815",141,"16",71.2547,-79.0186,1,0
"816",141,"17",71.2547,-79.0186,1,0
"817",141,"18",71.2547,-79.0186,1,0
"818",141,"19",71.2547,-79.0186,1,0
"819",141,"20",71.2547,-79.0186,1,0
"820",143,"12",71.2552,-79.0151,0,1
"821",143,"13",71.2552,-79.0151,0,0
"822",143,"14",71.2552,-79.0151,0,0
"823",143,"15",71.2552,-79.0151,0,1
"824",143,"16",71.2552,-79.0151,0,0
"825",143,"17",71.2552,-79.0151,0,0
"826",143,"18",71.2552,-79.0151,0,0
"827",143,"19",71.2552,-79.0151,0,0
"828",143,"20",71.2552,-79.0151,0,0
"829",145,"12",71.2432,-78.9911,0,1
"830",145,"13",71.2432,-78.9911,0,0
"831",145,"14",71.2432,-78.9911,0,1
"832",145,"15",71.2432,-78.9911,0,0
"833",145,"16",71.2432,-78.9911,0,1
"834",145,"17",71.2432,-78.9911,0,0
"835",145,"18",71.2432,-78.9911,0,0
"836",145,"19",71.2432,-78.9911,0,0
"837",145,"20",71.2432,-78.9911,0,0
"838",148,"12",71.2451,-78.9201,0,1
"839",148,"13",71.2451,-78.9201,0,0
"840",148,"14",71.2451,-78.9201,0,1
"841",148,"15",71.2451,-78.9201,-Inf,-Inf
"842",148,"16",71.2451,-78.9201,-Inf,-Inf
"843",148,"17",71.2451,-78.9201,0,0
"844",148,"18",71.2451,-78.9201,0,0
"845",148,"19",71.2451,-78.9201,0,1
"846",148,"20",71.2451,-78.9201,0,1
"847",150,"12",71.2444,-78.9136,0,0
"848",150,"13",71.2444,-78.9136,0,0
"849",150,"14",71.2444,-78.9136,0,0
"850",150,"15",71.2444,-78.9136,-Inf,-Inf
"851",150,"16",71.2444,-78.9136,-Inf,-Inf
"852",150,"17",71.2444,-78.9136,0,0
"853",150,"18",71.2444,-78.9136,0,0
"854",150,"19",71.2444,-78.9136,1,0
"855",150,"20",71.2444,-78.9136,0,0
"856",160,"12",71.2483,-78.8876,1,0
"857",160,"13",71.2483,-78.8876,0,0
"858",160,"14",71.2483,-78.8876,0,0
"859",160,"15",71.2483,-78.8876,-Inf,-Inf
"860",160,"16",71.2483,-78.8876,-Inf,-Inf
"861",160,"17",71.2483,-78.8876,1,0
"862",160,"18",71.2483,-78.8876,0,0
"863",160,"19",71.2483,-78.8876,0,0
"864",160,"20",71.2483,-78.8876,0,0
"865",164,"12",71.227,-78.8723,0,0
"866",164,"13",71.227,-78.8723,1,0
"867",164,"14",71.227,-78.8723,1,0
"868",164,"15",71.227,-78.8723,-Inf,-Inf
"869",164,"16",71.227,-78.8723,-Inf,-Inf
"870",164,"17",71.227,-78.8723,0,0
"871",164,"18",71.227,-78.8723,0,0
"872",164,"19",71.227,-78.8723,0,0
"873",164,"20",71.227,-78.8723,0,0
"874",165,"12",71.2268,-78.872,1,0
"875",165,"13",71.2268,-78.872,0,0
"876",165,"14",71.2268,-78.872,0,0
"877",165,"15",71.2268,-78.872,-Inf,-Inf
"878",165,"16",71.2268,-78.872,-Inf,-Inf
"879",165,"17",71.2268,-78.872,1,0
"880",165,"18",71.2268,-78.872,1,0
"881",165,"19",71.2268,-78.872,0,0
"882",165,"20",71.2268,-78.872,1,0
"883",173,"12",71.2203,-78.8383,0,1
"884",173,"13",71.2203,-78.8383,0,0
"885",173,"14",71.2203,-78.8383,0,0
"886",173,"15",71.2203,-78.8383,-Inf,-Inf
"887",173,"16",71.2203,-78.8383,-Inf,-Inf
"888",173,"17",71.2203,-78.8383,0,0
"889",173,"18",71.2203,-78.8383,0,0
"890",173,"19",71.2203,-78.8383,0,0
"891",173,"20",71.2203,-78.8383,0,0
"892",338,"12",71.2181,-79.7897,0,1
"893",338,"13",71.2181,-79.7897,0,0
"894",338,"14",71.2181,-79.7897,0,1
"895",338,"15",71.2181,-79.7897,0,0
"896",338,"16",71.2181,-79.7897,-Inf,-Inf
"897",338,"17",71.2181,-79.7897,0,0
"898",338,"18",71.2181,-79.7897,1,0
"899",338,"19",71.2181,-79.7897,0,0
"900",338,"20",71.2181,-79.7897,0,0
"901",339,"12",71.3612,-79.645,0,1
"902",339,"13",71.3612,-79.645,0,0
"903",339,"14",71.3612,-79.645,0,0
"904",339,"15",71.3612,-79.645,0,1
"905",339,"16",71.3612,-79.645,-Inf,-Inf
"906",339,"17",71.3612,-79.645,0,0
"907",339,"18",71.3612,-79.645,0,0
"908",339,"19",71.3612,-79.645,0,0
"909",339,"20",71.3612,-79.645,0,0
"910",355,"12",71.4038,-80.1698,0,1
"911",355,"13",71.4038,-80.1698,0,0
"912",355,"14",71.4038,-80.1698,0,0
"913",355,"15",71.4038,-80.1698,0,1
"914",355,"16",71.4038,-80.1698,0,0
"915",355,"17",71.4038,-80.1698,0,0
"916",355,"18",71.4038,-80.1698,0,0
"917",355,"19",71.4038,-80.1698,0,0
"918",355,"20",71.4038,-80.1698,0,0
"919",356,"12",71.4708,-80.2779,1,0
"920",356,"13",71.4708,-80.2779,0,0
"921",356,"14",71.4708,-80.2779,0,0
"922",356,"15",71.4708,-80.2779,-Inf,-Inf
"923",356,"16",71.4708,-80.2779,-Inf,-Inf
"924",356,"17",71.4708,-80.2779,0,0
"925",356,"18",71.4708,-80.2779,0,0
"926",356,"19",71.4708,-80.2779,0,0
"927",356,"20",71.4708,-80.2779,0,0
"928",357,"12",71.8392,-80.84,0,0
"929",357,"13",71.8392,-80.84,1,0
"930",357,"14",71.8392,-80.84,0,0
"931",357,"15",71.8392,-80.84,1,0
"932",357,"16",71.8392,-80.84,0,1
"933",357,"17",71.8392,-80.84,1,0
"934",357,"18",71.8392,-80.84,0,0
"935",357,"19",71.8392,-80.84,1,0
"936",357,"20",71.8392,-80.84,1,0
"937",359,"12",71.4306,-80.0472,0,1
"938",359,"13",71.4306,-80.0472,0,0
"939",359,"14",71.4306,-80.0472,0,1
"940",359,"15",71.4306,-80.0472,0,1
"941",359,"16",71.4306,-80.0472,0,0
"942",359,"17",71.4306,-80.0472,0,0
"943",359,"18",71.4306,-80.0472,1,0
"944",359,"19",71.4306,-80.0472,1,0
"945",359,"20",71.4306,-80.0472,0,1
"946",360,"12",71.7598,-80.4008,0,1
"947",360,"13",71.7598,-80.4008,-Inf,-Inf
"948",360,"14",71.7598,-80.4008,0,1
"949",360,"15",71.7598,-80.4008,1,0
"950",360,"16",71.7598,-80.4008,0,1
"951",360,"17",71.7598,-80.4008,0,0
"952",360,"18",71.7598,-80.4008,1,0
"953",360,"19",71.7598,-80.4008,0,0
"954",360,"20",71.7598,-80.4008,0,0
"955",374,"12",71.5142,-80.3067,1,0
"956",374,"13",71.5142,-80.3067,0,0
"957",374,"14",71.5142,-80.3067,0,0
"958",374,"15",71.5142,-80.3067,0,0
"959",374,"16",71.5142,-80.3067,0,0
"960",374,"17",71.5142,-80.3067,0,0
"961",374,"18",71.5142,-80.3067,0,0
"962",374,"19",71.5142,-80.3067,0,0
"963",374,"20",71.5142,-80.3067,0,0
"964",375,"12",71.4607,-80.1918,0,1
"965",375,"13",71.4607,-80.1918,0,1
"966",375,"14",71.4607,-80.1918,-Inf,-Inf
"967",375,"15",71.4607,-80.1918,0,1
"968",375,"16",71.4607,-80.1918,0,1
"969",375,"17",71.4607,-80.1918,0,0
"970",375,"18",71.4607,-80.1918,0,0
"971",375,"19",71.4607,-80.1918,0,0
"972",375,"20",71.4607,-80.1918,0,0
"973",376,"12",71.5028,-80.1798,0,1
"974",376,"13",71.5028,-80.1798,-Inf,-Inf
"975",376,"14",71.5028,-80.1798,0,0
"976",376,"15",71.5028,-80.1798,0,0
"977",376,"16",71.5028,-80.1798,0,0
"978",376,"17",71.5028,-80.1798,0,0
"979",376,"18",71.5028,-80.1798,0,0
"980",376,"19",71.5028,-80.1798,0,0
"981",376,"20",71.5028,-80.1798,0,0
"982",377,"12",71.3801,-79.4524,-Inf,-Inf
"983",377,"13",71.3801,-79.4524,-Inf,-Inf
"984",377,"14",71.3801,-79.4524,0,1
"985",377,"15",71.3801,-79.4524,0,0
"986",377,"16",71.3801,-79.4524,0,0
"987",377,"17",71.3801,-79.4524,0,0
"988",377,"18",71.3801,-79.4524,0,0
"989",377,"19",71.3801,-79.4524,0,0
"990",377,"20",71.3801,-79.4524,0,0
"991",378,"12",71.4543,-80.2251,-Inf,-Inf
"992",378,"13",71.4543,-80.2251,-Inf,-Inf
"993",378,"14",71.4543,-80.2251,0,1
"994",378,"15",71.4543,-80.2251,0,0
"995",378,"16",71.4543,-80.2251,0,0
"996",378,"17",71.4543,-80.2251,0,0
"997",378,"18",71.4543,-80.2251,0,0
"998",378,"19",71.4543,-80.2251,0,0
"999",378,"20",71.4543,-80.2251,0,0
"1000",379,"12",71.4002,-80.1513,-Inf,-Inf
"1001",379,"13",71.4002,-80.1513,-Inf,-Inf
"1002",379,"14",71.4002,-80.1513,0,1
"1003",379,"15",71.4002,-80.1513,0,0
"1004",379,"16",71.4002,-80.1513,0,0
"1005",379,"17",71.4002,-80.1513,0,1
"1006",379,"18",71.4002,-80.1513,0,1
"1007",379,"19",71.4002,-80.1513,0,0
"1008",379,"20",71.4002,-80.1513,0,1
"1009",380,"12",71.4306,-80.04,-Inf,-Inf
"1010",380,"13",71.4306,-80.04,-Inf,-Inf
"1011",380,"14",71.4306,-80.04,1,0
"1012",380,"15",71.4306,-80.04,1,0
"1013",380,"16",71.4306,-80.04,1,0
"1014",380,"17",71.4306,-80.04,1,0
"1015",380,"18",71.4306,-80.04,0,0
"1016",380,"19",71.4306,-80.04,1,0
"1017",380,"20",71.4306,-80.04,0,0
"1018",382,"12",71.6283,-80.2852,-Inf,-Inf
"1019",382,"13",71.6283,-80.2852,-Inf,-Inf
"1020",382,"14",71.6283,-80.2852,1,0
"1021",382,"15",71.6283,-80.2852,0,0
"1022",382,"16",71.6283,-80.2852,0,0
"1023",382,"17",71.6283,-80.2852,0,0
"1024",382,"18",71.6283,-80.2852,0,0
"1025",382,"19",71.6283,-80.2852,0,0
"1026",382,"20",71.6283,-80.2852,0,1
"1027",383,"12",71.654,-80.4598,-Inf,-Inf
"1028",383,"13",71.654,-80.4598,-Inf,-Inf
"1029",383,"14",71.654,-80.4598,1,0
"1030",383,"15",71.654,-80.4598,1,0
"1031",383,"16",71.654,-80.4598,1,0
"1032",383,"17",71.654,-80.4598,0,0
"1033",383,"18",71.654,-80.4598,0,0
"1034",383,"19",71.654,-80.4598,0,0
"1035",383,"20",71.654,-80.4598,1,0
"1036",384,"12",71.7214,-80.7419,-Inf,-Inf
"1037",384,"13",71.7214,-80.7419,-Inf,-Inf
"1038",384,"14",71.7214,-80.7419,1,0
"1039",384,"15",71.7214,-80.7419,1,0
"1040",384,"16",71.7214,-80.7419,1,0
"1041",384,"17",71.7214,-80.7419,1,0
"1042",384,"18",71.7214,-80.7419,1,0
"1043",384,"19",71.7214,-80.7419,0,0
"1044",384,"20",71.7214,-80.7419,0,0
"1045",385,"12",71.3612,-80.2365,-Inf,-Inf
"1046",385,"13",71.3612,-80.2365,-Inf,-Inf
"1047",385,"14",71.3612,-80.2365,1,0
"1048",385,"15",71.3612,-80.2365,0,1
"1049",385,"16",71.3612,-80.2365,0,0
"1050",385,"17",71.3612,-80.2365,0,0
"1051",385,"18",71.3612,-80.2365,0,0
"1052",385,"19",71.3612,-80.2365,0,0
"1053",385,"20",71.3612,-80.2365,0,0
"1054",386,"12",71.7172,-80.2554,-Inf,-Inf
"1055",386,"13",71.7172,-80.2554,-Inf,-Inf
"1056",386,"14",71.7172,-80.2554,0,1
"1057",386,"15",71.7172,-80.2554,0,1
"1058",386,"16",71.7172,-80.2554,0,0
"1059",386,"17",71.7172,-80.2554,0,0
"1060",386,"18",71.7172,-80.2554,0,0
"1061",386,"19",71.7172,-80.2554,0,0
"1062",386,"20",71.7172,-80.2554,0,1
"1063",387,"12",71.9265,-80.7551,-Inf,-Inf
"1064",387,"13",71.9265,-80.7551,-Inf,-Inf
"1065",387,"14",71.9265,-80.7551,1,0
"1066",387,"15",71.9265,-80.7551,1,0
"1067",387,"16",71.9265,-80.7551,1,0
"1068",387,"17",71.9265,-80.7551,1,0
"1069",387,"18",71.9265,-80.7551,1,0
"1070",387,"19",71.9265,-80.7551,0,0
"1071",387,"20",71.9265,-80.7551,1,0
"1072",388,"12",71.9083,-80.8245,-Inf,-Inf
"1073",388,"13",71.9083,-80.8245,-Inf,-Inf
"1074",388,"14",71.9083,-80.8245,1,0
"1075",388,"15",71.9083,-80.8245,0,0
"1076",388,"16",71.9083,-80.8245,0,0
"1077",388,"17",71.9083,-80.8245,1,0
"1078",388,"18",71.9083,-80.8245,0,0
"1079",388,"19",71.9083,-80.8245,0,0
"1080",388,"20",71.9083,-80.8245,1,0
"1081",389,"12",71.3553,-79.3048,-Inf,-Inf
"1082",389,"13",71.3553,-79.3048,-Inf,-Inf
"1083",389,"14",71.3553,-79.3048,0,1
"1084",389,"15",71.3553,-79.3048,0,1
"1085",389,"16",71.3553,-79.3048,0,1
"1086",389,"17",71.3553,-79.3048,0,0
"1087",389,"18",71.3553,-79.3048,0,0
"1088",389,"19",71.3553,-79.3048,0,1
"1089",389,"20",71.3553,-79.3048,0,1
"1090",390,"12",71.8131,-80.4997,-Inf,-Inf
"1091",390,"13",71.8131,-80.4997,-Inf,-Inf
"1092",390,"14",71.8131,-80.4997,1,0
"1093",390,"15",71.8131,-80.4997,0,0
"1094",390,"16",71.8131,-80.4997,1,0
"1095",390,"17",71.8131,-80.4997,0,0
"1096",390,"18",71.8131,-80.4997,0,0
"1097",390,"19",71.8131,-80.4997,1,0
"1098",390,"20",71.8131,-80.4997,0,0
"1099",391,"12",71.9302,-80.8486,-Inf,-Inf
"1100",391,"13",71.9302,-80.8486,-Inf,-Inf
"1101",391,"14",71.9302,-80.8486,0,1
"1102",391,"15",71.9302,-80.8486,1,0
"1103",391,"16",71.9302,-80.8486,1,0
"1104",391,"17",71.9302,-80.8486,1,0
"1105",391,"18",71.9302,-80.8486,1,0
"1106",391,"19",71.9302,-80.8486,1,0
"1107",391,"20",71.9302,-80.8486,0,1
"1108",392,"12",71.9708,-80.82,-Inf,-Inf
"1109",392,"13",71.9708,-80.82,-Inf,-Inf
"1110",392,"14",71.9708,-80.82,0,1
"1111",392,"15",71.9708,-80.82,0,0
"1112",392,"16",71.9708,-80.82,0,0
"1113",392,"17",71.9708,-80.82,0,0
"1114",392,"18",71.9708,-80.82,0,0
"1115",392,"19",71.9708,-80.82,0,0
"1116",392,"20",71.9708,-80.82,0,0
"1117",393,"12",71.9339,-80.7304,-Inf,-Inf
"1118",393,"13",71.9339,-80.7304,-Inf,-Inf
"1119",393,"14",71.9339,-80.7304,0,1
"1120",393,"15",71.9339,-80.7304,0,0
"1121",393,"16",71.9339,-80.7304,0,0
"1122",393,"17",71.9339,-80.7304,0,0
"1123",393,"18",71.9339,-80.7304,0,0
"1124",393,"19",71.9339,-80.7304,0,0
"1125",393,"20",71.9339,-80.7304,0,0
"1126",400,"12",71.8065,-80.7042,-Inf,-Inf
"1127",400,"13",71.8065,-80.7042,-Inf,-Inf
"1128",400,"14",71.8065,-80.7042,0,1
"1129",400,"15",71.8065,-80.7042,0,0
"1130",400,"16",71.8065,-80.7042,0,0
"1131",400,"17",71.8065,-80.7042,1,0
"1132",400,"18",71.8065,-80.7042,1,0
"1133",400,"19",71.8065,-80.7042,0,0
"1134",400,"20",71.8065,-80.7042,1,0
"1135",401,"12",71.8751,-80.8619,-Inf,-Inf
"1136",401,"13",71.8751,-80.8619,-Inf,-Inf
"1137",401,"14",71.8751,-80.8619,0,1
"1138",401,"15",71.8751,-80.8619,0,1
"1139",401,"16",71.8751,-80.8619,0,0
"1140",401,"17",71.8751,-80.8619,0,0
"1141",401,"18",71.8751,-80.8619,0,0
"1142",401,"19",71.8751,-80.8619,0,0
"1143",401,"20",71.8751,-80.8619,0,1
"1144",438,"12",71.7809,-80.6121,-Inf,-Inf
"1145",438,"13",71.7809,-80.6121,-Inf,-Inf
"1146",438,"14",71.7809,-80.6121,-Inf,-Inf
"1147",438,"15",71.7809,-80.6121,-Inf,-Inf
"1148",438,"16",71.7809,-80.6121,-Inf,-Inf
"1149",438,"17",71.7809,-80.6121,-Inf,-Inf
"1150",438,"18",71.7809,-80.6121,-Inf,-Inf
"1151",438,"19",71.7809,-80.6121,-Inf,-Inf
"1152",438,"20",71.7809,-80.6121,0,1
"1153",442,"12",71.3446,-79.7615,-Inf,-Inf
"1154",442,"13",71.3446,-79.7615,-Inf,-Inf
"1155",442,"14",71.3446,-79.7615,-Inf,-Inf
"1156",442,"15",71.3446,-79.7615,1,0
"1157",442,"16",71.3446,-79.7615,1,0
"1158",442,"17",71.3446,-79.7615,0,0
"1159",442,"18",71.3446,-79.7615,1,0
"1160",442,"19",71.3446,-79.7615,1,0
"1161",442,"20",71.3446,-79.7615,1,0
"1162",443,"12",71.3538,-79.853,-Inf,-Inf
"1163",443,"13",71.3538,-79.853,-Inf,-Inf
"1164",443,"14",71.3538,-79.853,-Inf,-Inf
"1165",443,"15",71.3538,-79.853,0,1
"1166",443,"16",71.3538,-79.853,0,0
"1167",443,"17",71.3538,-79.853,0,0
"1168",443,"18",71.3538,-79.853,0,0
"1169",443,"19",71.3538,-79.853,0,0
"1170",443,"20",71.3538,-79.853,0,1
"1171",444,"12",71.381,-80.2278,-Inf,-Inf
"1172",444,"13",71.381,-80.2278,-Inf,-Inf
"1173",444,"14",71.381,-80.2278,-Inf,-Inf
"1174",444,"15",71.381,-80.2278,1,0
"1175",444,"16",71.381,-80.2278,1,0
"1176",444,"17",71.381,-80.2278,1,0
"1177",444,"18",71.381,-80.2278,1,0
"1178",444,"19",71.381,-80.2278,1,0
"1179",444,"20",71.381,-80.2278,0,0
"1180",445,"12",71.417,-80.3405,-Inf,-Inf
"1181",445,"13",71.417,-80.3405,-Inf,-Inf
"1182",445,"14",71.417,-80.3405,-Inf,-Inf
"1183",445,"15",71.417,-80.3405,1,0
"1184",445,"16",71.417,-80.3405,0,0
"1185",445,"17",71.417,-80.3405,0,0
"1186",445,"18",71.417,-80.3405,0,0
"1187",445,"19",71.417,-80.3405,0,0
"1188",445,"20",71.417,-80.3405,0,0
"1189",446,"12",71.4672,-80.2813,-Inf,-Inf
"1190",446,"13",71.4672,-80.2813,-Inf,-Inf
"1191",446,"14",71.4672,-80.2813,-Inf,-Inf
"1192",446,"15",71.4672,-80.2813,0,1
"1193",446,"16",71.4672,-80.2813,-Inf,-Inf
"1194",446,"17",71.4672,-80.2813,0,0
"1195",446,"18",71.4672,-80.2813,0,0
"1196",446,"19",71.4672,-80.2813,0,0
"1197",446,"20",71.4672,-80.2813,0,0
"1198",447,"12",71.3688,-80.1314,-Inf,-Inf
"1199",447,"13",71.3688,-80.1314,-Inf,-Inf
"1200",447,"14",71.3688,-80.1314,-Inf,-Inf
"1201",447,"15",71.3688,-80.1314,1,0
"1202",447,"16",71.3688,-80.1314,1,0
"1203",447,"17",71.3688,-80.1314,1,0
"1204",447,"18",71.3688,-80.1314,0,0
"1205",447,"19",71.3688,-80.1314,1,0
"1206",447,"20",71.3688,-80.1314,1,0
"1207",448,"12",71.5149,-80.3461,-Inf,-Inf
"1208",448,"13",71.5149,-80.3461,-Inf,-Inf
"1209",448,"14",71.5149,-80.3461,-Inf,-Inf
"1210",448,"15",71.5149,-80.3461,1,0
"1211",448,"16",71.5149,-80.3461,0,0
"1212",448,"17",71.5149,-80.3461,0,0
"1213",448,"18",71.5149,-80.3461,1,0
"1214",448,"19",71.5149,-80.3461,0,0
"1215",448,"20",71.5149,-80.3461,1,0
"1216",449,"12",71.5976,-80.3842,-Inf,-Inf
"1217",449,"13",71.5976,-80.3842,-Inf,-Inf
"1218",449,"14",71.5976,-80.3842,-Inf,-Inf
"1219",449,"15",71.5976,-80.3842,0,1
"1220",449,"16",71.5976,-80.3842,0,1
"1221",449,"17",71.5976,-80.3842,0,0
"1222",449,"18",71.5976,-80.3842,0,0
"1223",449,"19",71.5976,-80.3842,0,0
"1224",449,"20",71.5976,-80.3842,0,1
"1225",450,"12",71.8069,-80.709,-Inf,-Inf
"1226",450,"13",71.8069,-80.709,-Inf,-Inf
"1227",450,"14",71.8069,-80.709,-Inf,-Inf
"1228",450,"15",71.8069,-80.709,1,0
"1229",450,"16",71.8069,-80.709,1,0
"1230",450,"17",71.8069,-80.709,0,0
"1231",450,"18",71.8069,-80.709,0,0
"1232",450,"19",71.8069,-80.709,0,0
"1233",450,"20",71.8069,-80.709,0,0
"1234",451,"12",71.8227,-80.8751,-Inf,-Inf
"1235",451,"13",71.8227,-80.8751,-Inf,-Inf
"1236",451,"14",71.8227,-80.8751,-Inf,-Inf
"1237",451,"15",71.8227,-80.8751,0,1
"1238",451,"16",71.8227,-80.8751,0,0
"1239",451,"17",71.8227,-80.8751,0,0
"1240",451,"18",71.8227,-80.8751,0,0
"1241",451,"19",71.8227,-80.8751,0,0
"1242",451,"20",71.8227,-80.8751,0,0
"1243",452,"12",71.8524,-81.0287,-Inf,-Inf
"1244",452,"13",71.8524,-81.0287,-Inf,-Inf
"1245",452,"14",71.8524,-81.0287,-Inf,-Inf
"1246",452,"15",71.8524,-81.0287,0,1
"1247",452,"16",71.8524,-81.0287,0,1
"1248",452,"17",71.8524,-81.0287,0,1
"1249",452,"18",71.8524,-81.0287,0,0
"1250",452,"19",71.8524,-81.0287,0,1
"1251",452,"20",71.8524,-81.0287,0,1
"1252",453,"12",71.2724,-79.0907,-Inf,-Inf
"1253",453,"13",71.2724,-79.0907,-Inf,-Inf
"1254",453,"14",71.2724,-79.0907,-Inf,-Inf
"1255",453,"15",71.2724,-79.0907,0,1
"1256",453,"16",71.2724,-79.0907,0,0
"1257",453,"17",71.2724,-79.0907,0,0
"1258",453,"18",71.2724,-79.0907,0,0
"1259",453,"19",71.2724,-79.0907,0,0
"1260",453,"20",71.2724,-79.0907,0,0
"1261",454,"12",71.6801,-80.2282,-Inf,-Inf
"1262",454,"13",71.6801,-80.2282,-Inf,-Inf
"1263",454,"14",71.6801,-80.2282,-Inf,-Inf
"1264",454,"15",71.6801,-80.2282,0,1
"1265",454,"16",71.6801,-80.2282,0,0
"1266",454,"17",71.6801,-80.2282,0,0
"1267",454,"18",71.6801,-80.2282,0,0
"1268",454,"19",71.6801,-80.2282,0,0
"1269",454,"20",71.6801,-80.2282,0,1
"1270",455,"12",71.7833,-80.2546,-Inf,-Inf
"1271",455,"13",71.7833,-80.2546,-Inf,-Inf
"1272",455,"14",71.7833,-80.2546,-Inf,-Inf
"1273",455,"15",71.7833,-80.2546,0,1
"1274",455,"16",71.7833,-80.2546,-Inf,-Inf
"1275",455,"17",71.7833,-80.2546,0,0
"1276",455,"18",71.7833,-80.2546,0,1
"1277",455,"19",71.7833,-80.2546,0,1
"1278",455,"20",71.7833,-80.2546,0,1
"1279",460,"12",71.4334,-80.0222,-Inf,-Inf
"1280",460,"13",71.4334,-80.0222,-Inf,-Inf
"1281",460,"14",71.4334,-80.0222,-Inf,-Inf
"1282",460,"15",71.4334,-80.0222,0,1
"1283",460,"16",71.4334,-80.0222,-Inf,-Inf
"1284",460,"17",71.4334,-80.0222,0,0
"1285",460,"18",71.4334,-80.0222,0,0
"1286",460,"19",71.4334,-80.0222,0,0
"1287",460,"20",71.4334,-80.0222,0,0
"1288",461,"12",71.44,-79.928,-Inf,-Inf
"1289",461,"13",71.44,-79.928,-Inf,-Inf
"1290",461,"14",71.44,-79.928,-Inf,-Inf
"1291",461,"15",71.44,-79.928,0,1
"1292",461,"16",71.44,-79.928,0,0
"1293",461,"17",71.44,-79.928,0,0
"1294",461,"18",71.44,-79.928,0,0
"1295",461,"19",71.44,-79.928,0,0
"1296",461,"20",71.44,-79.928,0,0
"1297",462,"12",71.4489,-79.8944,-Inf,-Inf
"1298",462,"13",71.4489,-79.8944,-Inf,-Inf
"1299",462,"14",71.4489,-79.8944,-Inf,-Inf
"1300",462,"15",71.4489,-79.8944,0,1
"1301",462,"16",71.4489,-79.8944,0,1
"1302",462,"17",71.4489,-79.8944,0,0
"1303",462,"18",71.4489,-79.8944,0,1
"1304",462,"19",71.4489,-79.8944,0,0
"1305",462,"20",71.4489,-79.8944,0,0
"1306",463,"12",71.4125,-79.8853,-Inf,-Inf
"1307",463,"13",71.4125,-79.8853,-Inf,-Inf
"1308",463,"14",71.4125,-79.8853,-Inf,-Inf
"1309",463,"15",71.4125,-79.8853,0,1
"1310",463,"16",71.4125,-79.8853,0,1
"1311",463,"17",71.4125,-79.8853,0,0
"1312",463,"18",71.4125,-79.8853,0,1
"1313",463,"19",71.4125,-79.8853,0,1
"1314",463,"20",71.4125,-79.8853,0,1
"1315",464,"12",71.4097,-79.8855,-Inf,-Inf
"1316",464,"13",71.4097,-79.8855,-Inf,-Inf
"1317",464,"14",71.4097,-79.8855,-Inf,-Inf
"1318",464,"15",71.4097,-79.8855,1,0
"1319",464,"16",71.4097,-79.8855,1,0
"1320",464,"17",71.4097,-79.8855,0,0
"1321",464,"18",71.4097,-79.8855,1,0
"1322",464,"19",71.4097,-79.8855,1,0
"1323",464,"20",71.4097,-79.8855,1,0
"1324",465,"12",71.4478,-79.7967,-Inf,-Inf
"1325",465,"13",71.4478,-79.7967,-Inf,-Inf
"1326",465,"14",71.4478,-79.7967,-Inf,-Inf
"1327",465,"15",71.4478,-79.7967,1,0
"1328",465,"16",71.4478,-79.7967,1,0
"1329",465,"17",71.4478,-79.7967,1,0
"1330",465,"18",71.4478,-79.7967,1,0
"1331",465,"19",71.4478,-79.7967,1,0
"1332",465,"20",71.4478,-79.7967,1,0
"1333",466,"12",71.4669,-79.8101,-Inf,-Inf
"1334",466,"13",71.4669,-79.8101,-Inf,-Inf
"1335",466,"14",71.4669,-79.8101,-Inf,-Inf
"1336",466,"15",71.4669,-79.8101,0,1
"1337",466,"16",71.4669,-79.8101,0,0
"1338",466,"17",71.4669,-79.8101,0,0
"1339",466,"18",71.4669,-79.8101,0,0
"1340",466,"19",71.4669,-79.8101,0,0
"1341",466,"20",71.4669,-79.8101,0,1
"1342",467,"12",71.4634,-79.7131,-Inf,-Inf
"1343",467,"13",71.4634,-79.7131,-Inf,-Inf
"1344",467,"14",71.4634,-79.7131,-Inf,-Inf
"1345",467,"15",71.4634,-79.7131,0,1
"1346",467,"16",71.4634,-79.7131,0,0
"1347",467,"17",71.4634,-79.7131,0,0
"1348",467,"18",71.4634,-79.7131,0,0
"1349",467,"19",71.4634,-79.7131,0,0
"1350",467,"20",71.4634,-79.7131,0,0
"1351",468,"12",71.3662,-79.4955,-Inf,-Inf
"1352",468,"13",71.3662,-79.4955,-Inf,-Inf
"1353",468,"14",71.3662,-79.4955,-Inf,-Inf
"1354",468,"15",71.3662,-79.4955,0,1
"1355",468,"16",71.3662,-79.4955,0,0
"1356",468,"17",71.3662,-79.4955,0,0
"1357",468,"18",71.3662,-79.4955,0,0
"1358",468,"19",71.3662,-79.4955,0,0
"1359",468,"20",71.3662,-79.4955,0,1
"1360",469,"12",71.446,-79.5481,-Inf,-Inf
"1361",469,"13",71.446,-79.5481,-Inf,-Inf
"1362",469,"14",71.446,-79.5481,-Inf,-Inf
"1363",469,"15",71.446,-79.5481,0,1
"1364",469,"16",71.446,-79.5481,-Inf,-Inf
"1365",469,"17",71.446,-79.5481,0,0
"1366",469,"18",71.446,-79.5481,0,0
"1367",469,"19",71.446,-79.5481,0,0
"1368",469,"20",71.446,-79.5481,0,0
"1369",470,"12",71.4396,-79.4363,-Inf,-Inf
"1370",470,"13",71.4396,-79.4363,-Inf,-Inf
"1371",470,"14",71.4396,-79.4363,-Inf,-Inf
"1372",470,"15",71.4396,-79.4363,1,0
"1373",470,"16",71.4396,-79.4363,1,0
"1374",470,"17",71.4396,-79.4363,0,0
"1375",470,"18",71.4396,-79.4363,1,0
"1376",470,"19",71.4396,-79.4363,1,0
"1377",470,"20",71.4396,-79.4363,1,0
"1378",472,"12",71.3823,-79.4528,-Inf,-Inf
"1379",472,"13",71.3823,-79.4528,-Inf,-Inf
"1380",472,"14",71.3823,-79.4528,-Inf,-Inf
"1381",472,"15",71.3823,-79.4528,1,0
"1382",472,"16",71.3823,-79.4528,0,0
"1383",472,"17",71.3823,-79.4528,1,0
"1384",472,"18",71.3823,-79.4528,0,0
"1385",472,"19",71.3823,-79.4528,0,0
"1386",472,"20",71.3823,-79.4528,0,1
"1387",473,"12",71.382,-79.4493,-Inf,-Inf
"1388",473,"13",71.382,-79.4493,-Inf,-Inf
"1389",473,"14",71.382,-79.4493,-Inf,-Inf
"1390",473,"15",71.382,-79.4493,0,1
"1391",473,"16",71.382,-79.4493,0,1
"1392",473,"17",71.382,-79.4493,0,0
"1393",473,"18",71.382,-79.4493,0,1
"1394",473,"19",71.382,-79.4493,0,1
"1395",473,"20",71.382,-79.4493,0,0
"1396",474,"12",71.4332,-79.2549,-Inf,-Inf
"1397",474,"13",71.4332,-79.2549,-Inf,-Inf
"1398",474,"14",71.4332,-79.2549,-Inf,-Inf
"1399",474,"15",71.4332,-79.2549,1,0
"1400",474,"16",71.4332,-79.2549,1,0
"1401",474,"17",71.4332,-79.2549,1,0
"1402",474,"18",71.4332,-79.2549,1,0
"1403",474,"19",71.4332,-79.2549,1,0
"1404",474,"20",71.4332,-79.2549,1,0
"1405",475,"12",71.7343,-80.313,-Inf,-Inf
"1406",475,"13",71.7343,-80.313,-Inf,-Inf
"1407",475,"14",71.7343,-80.313,-Inf,-Inf
"1408",475,"15",71.7343,-80.313,-Inf,-Inf
"1409",475,"16",71.7343,-80.313,1,0
"1410",475,"17",71.7343,-80.313,0,0
"1411",475,"18",71.7343,-80.313,1,0
"1412",475,"19",71.7343,-80.313,1,0
"1413",475,"20",71.7343,-80.313,1,0
"1414",476,"12",71.3004,-79.1152,-Inf,-Inf
"1415",476,"13",71.3004,-79.1152,-Inf,-Inf
"1416",476,"14",71.3004,-79.1152,-Inf,-Inf
"1417",476,"15",71.3004,-79.1152,1,0
"1418",476,"16",71.3004,-79.1152,1,0
"1419",476,"17",71.3004,-79.1152,0,0
"1420",476,"18",71.3004,-79.1152,0,0
"1421",476,"19",71.3004,-79.1152,0,0
"1422",476,"20",71.3004,-79.1152,1,0
"1423",477,"12",71.46,-79.8083,-Inf,-Inf
"1424",477,"13",71.46,-79.8083,-Inf,-Inf
"1425",477,"14",71.46,-79.8083,-Inf,-Inf
"1426",477,"15",71.46,-79.8083,0,1
"1427",477,"16",71.46,-79.8083,0,0
"1428",477,"17",71.46,-79.8083,0,0
"1429",477,"18",71.46,-79.8083,0,0
"1430",477,"19",71.46,-79.8083,0,0
"1431",477,"20",71.46,-79.8083,0,1
"1432",478,"12",71.31,-79.2273,-Inf,-Inf
"1433",478,"13",71.31,-79.2273,-Inf,-Inf
"1434",478,"14",71.31,-79.2273,-Inf,-Inf
"1435",478,"15",71.31,-79.2273,1,0
"1436",478,"16",71.31,-79.2273,1,0
"1437",478,"17",71.31,-79.2273,1,0
"1438",478,"18",71.31,-79.2273,1,0
"1439",478,"19",71.31,-79.2273,1,0
"1440",478,"20",71.31,-79.2273,1,0
"1441",480,"12",71.4599,-80.0933,-Inf,-Inf
"1442",480,"13",71.4599,-80.0933,-Inf,-Inf
"1443",480,"14",71.4599,-80.0933,-Inf,-Inf
"1444",480,"15",71.4599,-80.0933,-Inf,-Inf
"1445",480,"16",71.4599,-80.0933,0,1
"1446",480,"17",71.4599,-80.0933,0,0
"1447",480,"18",71.4599,-80.0933,0,0
"1448",480,"19",71.4599,-80.0933,0,0
"1449",480,"20",71.4599,-80.0933,0,0
"1450",481,"12",71.7383,-80.3351,-Inf,-Inf
"1451",481,"13",71.7383,-80.3351,-Inf,-Inf
"1452",481,"14",71.7383,-80.3351,-Inf,-Inf
"1453",481,"15",71.7383,-80.3351,-Inf,-Inf
"1454",481,"16",71.7383,-80.3351,-Inf,-Inf
"1455",481,"17",71.7383,-80.3351,1,0
"1456",481,"18",71.7383,-80.3351,0,0
"1457",481,"19",71.7383,-80.3351,1,0
"1458",481,"20",71.7383,-80.3351,0,0
"1459",482,"12",71.843,-80.8613,-Inf,-Inf
"1460",482,"13",71.843,-80.8613,-Inf,-Inf
"1461",482,"14",71.843,-80.8613,-Inf,-Inf
"1462",482,"15",71.843,-80.8613,-Inf,-Inf
"1463",482,"16",71.843,-80.8613,-Inf,-Inf
"1464",482,"17",71.843,-80.8613,0,0
"1465",482,"18",71.843,-80.8613,0,0
"1466",482,"19",71.843,-80.8613,0,0
"1467",482,"20",71.843,-80.8613,0,0
"1468",483,"12",71.5163,-80.3323,-Inf,-Inf
"1469",483,"13",71.5163,-80.3323,-Inf,-Inf
"1470",483,"14",71.5163,-80.3323,-Inf,-Inf
"1471",483,"15",71.5163,-80.3323,-Inf,-Inf
"1472",483,"16",71.5163,-80.3323,1,0
"1473",483,"17",71.5163,-80.3323,1,0
"1474",483,"18",71.5163,-80.3323,0,0
"1475",483,"19",71.5163,-80.3323,0,0
"1476",483,"20",71.5163,-80.3323,0,0
"1477",484,"12",71.6534,-80.4201,-Inf,-Inf
"1478",484,"13",71.6534,-80.4201,-Inf,-Inf
"1479",484,"14",71.6534,-80.4201,-Inf,-Inf
"1480",484,"15",71.6534,-80.4201,-Inf,-Inf
"1481",484,"16",71.6534,-80.4201,-Inf,-Inf
"1482",484,"17",71.6534,-80.4201,0,0
"1483",484,"18",71.6534,-80.4201,0,1
"1484",484,"19",71.6534,-80.4201,0,1
"1485",484,"20",71.6534,-80.4201,0,1
"1486",485,"12",71.3413,-79.4336,-Inf,-Inf
"1487",485,"13",71.3413,-79.4336,-Inf,-Inf
"1488",485,"14",71.3413,-79.4336,-Inf,-Inf
"1489",485,"15",71.3413,-79.4336,-Inf,-Inf
"1490",485,"16",71.3413,-79.4336,-Inf,-Inf
"1491",485,"17",71.3413,-79.4336,1,0
"1492",485,"18",71.3413,-79.4336,1,0
"1493",485,"19",71.3413,-79.4336,0,0
"1494",485,"20",71.3413,-79.4336,0,1
"1495",486,"12",71.8225,-81.1747,-Inf,-Inf
"1496",486,"13",71.8225,-81.1747,-Inf,-Inf
"1497",486,"14",71.8225,-81.1747,-Inf,-Inf
"1498",486,"15",71.8225,-81.1747,-Inf,-Inf
"1499",486,"16",71.8225,-81.1747,-Inf,-Inf
"1500",486,"17",71.8225,-81.1747,1,0
"1501",486,"18",71.8225,-81.1747,1,0
"1502",486,"19",71.8225,-81.1747,0,0
"1503",486,"20",71.8225,-81.1747,0,0
"1504",487,"12",71.2466,-78.8573,-Inf,-Inf
"1505",487,"13",71.2466,-78.8573,-Inf,-Inf
"1506",487,"14",71.2466,-78.8573,-Inf,-Inf
"1507",487,"15",71.2466,-78.8573,-Inf,-Inf
"1508",487,"16",71.2466,-78.8573,-Inf,-Inf
"1509",487,"17",71.2466,-78.8573,-Inf,-Inf
"1510",487,"18",71.2466,-78.8573,1,0
"1511",487,"19",71.2466,-78.8573,1,0
"1512",487,"20",71.2466,-78.8573,1,0
"1513",488,"12",71.3583,-79.7789,-Inf,-Inf
"1514",488,"13",71.3583,-79.7789,-Inf,-Inf
"1515",488,"14",71.3583,-79.7789,-Inf,-Inf
"1516",488,"15",71.3583,-79.7789,-Inf,-Inf
"1517",488,"16",71.3583,-79.7789,-Inf,-Inf
"1518",488,"17",71.3583,-79.7789,-Inf,-Inf
"1519",488,"18",71.3583,-79.7789,0,1
"1520",488,"19",71.3583,-79.7789,0,0
"1521",488,"20",71.3583,-79.7789,0,0
"1522",489,"12",71.7139,-80.6963,-Inf,-Inf
"1523",489,"13",71.7139,-80.6963,-Inf,-Inf
"1524",489,"14",71.7139,-80.6963,-Inf,-Inf
"1525",489,"15",71.7139,-80.6963,-Inf,-Inf
"1526",489,"16",71.7139,-80.6963,-Inf,-Inf
"1527",489,"17",71.7139,-80.6963,-Inf,-Inf
"1528",489,"18",71.7139,-80.6963,-Inf,-Inf
"1529",489,"19",71.7139,-80.6963,-Inf,-Inf
"1530",489,"20",71.7139,-80.6963,1,0
"1531",490,"12",71.386,-80.228,-Inf,-Inf
"1532",490,"13",71.386,-80.228,-Inf,-Inf
"1533",490,"14",71.386,-80.228,-Inf,-Inf
"1534",490,"15",71.386,-80.228,-Inf,-Inf
"1535",490,"16",71.386,-80.228,-Inf,-Inf
"1536",490,"17",71.386,-80.228,-Inf,-Inf
"1537",490,"18",71.386,-80.228,-Inf,-Inf
"1538",490,"19",71.386,-80.228,-Inf,-Inf
"1539",490,"20",71.386,-80.228,1,0
"1540",491,"12",71.8052,-81.1074,-Inf,-Inf
"1541",491,"13",71.8052,-81.1074,-Inf,-Inf
"1542",491,"14",71.8052,-81.1074,-Inf,-Inf
"1543",491,"15",71.8052,-81.1074,-Inf,-Inf
"1544",491,"16",71.8052,-81.1074,-Inf,-Inf
"1545",491,"17",71.8052,-81.1074,-Inf,-Inf
"1546",491,"18",71.8052,-81.1074,-Inf,-Inf
"1547",491,"19",71.8052,-81.1074,-Inf,-Inf
"1548",491,"20",71.8052,-81.1074,1,0
"1549",492,"12",71.4551,-79.6043,-Inf,-Inf
"1550",492,"13",71.4551,-79.6043,-Inf,-Inf
"1551",492,"14",71.4551,-79.6043,-Inf,-Inf
"1552",492,"15",71.4551,-79.6043,-Inf,-Inf
"1553",492,"16",71.4551,-79.6043,-Inf,-Inf
"1554",492,"17",71.4551,-79.6043,-Inf,-Inf
"1555",492,"18",71.4551,-79.6043,-Inf,-Inf
"1556",492,"19",71.4551,-79.6043,-Inf,-Inf
"1557",492,"20",71.4551,-79.6043,0,1
"1558",493,"12",71.3259,-79.5365,-Inf,-Inf
"1559",493,"13",71.3259,-79.5365,-Inf,-Inf
"1560",493,"14",71.3259,-79.5365,-Inf,-Inf
"1561",493,"15",71.3259,-79.5365,-Inf,-Inf
"1562",493,"16",71.3259,-79.5365,-Inf,-Inf
"1563",493,"17",71.3259,-79.5365,-Inf,-Inf
"1564",493,"18",71.3259,-79.5365,-Inf,-Inf
"1565",493,"19",71.3259,-79.5365,-Inf,-Inf
"1566",493,"20",71.3259,-79.5365,0,0
"1567",494,"12",71.367067,-79.366506,-Inf,-Inf
"1568",494,"13",71.367067,-79.366506,-Inf,-Inf
"1569",494,"14",71.367067,-79.366506,-Inf,-Inf
"1570",494,"15",71.367067,-79.366506,-Inf,-Inf
"1571",494,"16",71.367067,-79.366506,-Inf,-Inf
"1572",494,"17",71.367067,-79.366506,-Inf,-Inf
"1573",494,"18",71.367067,-79.366506,-Inf,-Inf
"1574",494,"19",71.367067,-79.366506,-Inf,-Inf
"1575",494,"20",71.367067,-79.366506,0,1
